id,2021_value,2021_land,2021_improvements,2023_value,2023_land,2023_improvements,2022_value,2022_land,2022_improvements,2020_value,2020_land,2020_improvements,2019_value,2019_land,2024_value,2024_land,2024_improvements,2018_value,2018_land,2018_improvements,2019_improvements,2017_value,2010_value,2010_land,2010_improvements,2025_value,2025_land,2025_improvements
"6522-28th-Ave,-Kenosha,-WI-53143",97700.0,17100.0,80600.0,0.0,0.0,0.0,0.0,0.0,0.0,0.0,0.0,0.0,0.0,0.0,0.0,0.0,0.0,0.0,0.0,0.0,0.0,0.0,0.0,0.0,0.0,0.0,0.0,0.0
"20422-W-Legend-Trl,-Buckeye,-AZ-85396",31550.0,6310.0,25240.0,43570.0,8710.0,34860.0,0.0,0.0,0.0,0.0,0.0,0.0,0.0,0.0,0.0,0.0,0.0,0.0,0.0,0.0,0.0,0.0,0.0,0.0,0.0,0.0,0.0,0.0
"1041-Scaleybark-Rd,-Charlotte,-NC-28209",0.0,0.0,0.0,474500.0,445500.0,29000.0,362600.0,216000.0,146600.0,0.0,0.0,0.0,0.0,0.0,0.0,0.0,0.0,0.0,0.0,0.0,0.0,0.0,0.0,0.0,0.0,0.0,0.0,0.0
"2352-Sw-5th-St,-Apt-16,-Miami,-FL-33135",0.0,0.0,0.0,0.0,0.0,0.0,0.0,0.0,0.0,0.0,0.0,0.0,0.0,0.0,0.0,0.0,0.0,0.0,0.0,0.0,0.0,0.0,0.0,0.0,0.0,0.0,0.0,0.0
"2301-S-Austin-Ave,-Ste-5,-Denison,-TX-75020",0.0,0.0,0.0,0.0,0.0,0.0,0.0,0.0,0.0,0.0,0.0,0.0,0.0,0.0,0.0,0.0,0.0,0.0,0.0,0.0,0.0,0.0,0.0,0.0,0.0,0.0,0.0,0.0
"51-Birdsong-Pkwy,-Orchard-Park,-NY-14127",0.0,0.0,0.0,0.0,0.0,0.0,323900.0,65000.0,258900.0,0.0,0.0,0.0,0.0,0.0,0.0,0.0,0.0,0.0,0.0,0.0,0.0,0.0,0.0,0.0,0.0,0.0,0.0,0.0
"113-Oak-Ave,-Bellmawr,-NJ-08031",0.0,0.0,0.0,0.0,0.0,0.0,0.0,0.0,0.0,0.0,0.0,0.0,0.0,0.0,0.0,0.0,0.0,0.0,0.0,0.0,0.0,0.0,0.0,0.0,0.0,0.0,0.0,0.0
"11875-Westview-Pkwy,-San-Diego,-CA-92126",0.0,0.0,0.0,571205.0,202758.0,368447.0,560006.0,198783.0,361223.0,0.0,0.0,0.0,0.0,0.0,0.0,0.0,0.0,0.0,0.0,0.0,0.0,0.0,0.0,0.0,0.0,0.0,0.0,0.0
"8715-Shadow-Crest-St,-Houston,-TX-77074",188215.0,33963.0,154252.0,248807.0,71500.0,177307.0,0.0,0.0,0.0,164816.0,33963.0,130853.0,0.0,0.0,0.0,0.0,0.0,0.0,0.0,0.0,0.0,0.0,0.0,0.0,0.0,0.0,0.0,0.0
"4465-Boca-Way,-Spc-137,-Reno,-NV-89502",0.0,0.0,0.0,0.0,0.0,0.0,19387.0,17500.0,1887.0,0.0,0.0,0.0,0.0,0.0,0.0,0.0,0.0,0.0,0.0,0.0,0.0,0.0,0.0,0.0,0.0,0.0,0.0,0.0
"815-Kendall-St,-Port-Orchard,-WA-98366",0.0,0.0,0.0,317490.0,63410.0,254080.0,0.0,0.0,0.0,0.0,0.0,0.0,0.0,0.0,0.0,0.0,0.0,0.0,0.0,0.0,0.0,0.0,0.0,0.0,0.0,0.0,0.0,0.0
"7002-Lakeview-Dr,-Unit-101,-San-Antonio,-TX-78244",0.0,0.0,0.0,0.0,0.0,0.0,0.0,0.0,0.0,0.0,0.0,0.0,0.0,0.0,0.0,0.0,0.0,0.0,0.0,0.0,0.0,0.0,0.0,0.0,0.0,0.0,0.0,0.0
"1009-Mechanic-St,-Bethlehem,-PA-18015",0.0,0.0,0.0,0.0,0.0,0.0,28100.0,6200.0,21900.0,28100.0,6200.0,21900.0,0.0,0.0,0.0,0.0,0.0,0.0,0.0,0.0,0.0,0.0,0.0,0.0,0.0,0.0,0.0,0.0
"3665-Whispering-Pines-Loop-S,-Delaware,-OH-43015",0.0,0.0,0.0,0.0,0.0,0.0,155680.0,28000.0,127680.0,0.0,0.0,0.0,10080.0,10080.0,0.0,0.0,0.0,0.0,0.0,0.0,0.0,0.0,0.0,0.0,0.0,0.0,0.0,0.0
"705-Chapel-Rd,-Glenside,-PA-19038",0.0,0.0,0.0,169120.0,59620.0,109500.0,169120.0,59620.0,109500.0,0.0,0.0,0.0,0.0,0.0,0.0,0.0,0.0,0.0,0.0,0.0,0.0,0.0,0.0,0.0,0.0,0.0,0.0,0.0
"54-Albero-Ct,-Rancho-Palos-Verdes,-CA-90275",0.0,0.0,0.0,0.0,0.0,0.0,1299312.0,901697.0,397615.0,0.0,0.0,0.0,0.0,0.0,0.0,0.0,0.0,0.0,0.0,0.0,0.0,0.0,0.0,0.0,0.0,0.0,0.0,0.0
"53-Oakland-Ave,-Hanover,-MA-02339",0.0,0.0,0.0,0.0,0.0,0.0,0.0,0.0,0.0,0.0,0.0,0.0,0.0,0.0,0.0,0.0,0.0,0.0,0.0,0.0,0.0,0.0,0.0,0.0,0.0,0.0,0.0,0.0
"13343-Sunkiss-Loop,-Windermere,-FL-34786",208801.0,0.0,0.0,0.0,0.0,0.0,215065.0,0.0,0.0,0.0,0.0,0.0,201288.0,0.0,0.0,0.0,0.0,0.0,0.0,0.0,0.0,0.0,0.0,0.0,0.0,0.0,0.0,0.0
"9245-W-Ira-St,-Tucson,-AZ-85735",0.0,0.0,0.0,3475.0,2100.0,1375.0,0.0,0.0,0.0,0.0,0.0,0.0,0.0,0.0,4272.0,2700.0,1572.0,0.0,0.0,0.0,0.0,0.0,0.0,0.0,0.0,0.0,0.0,0.0
"50-E-Bellevue-Pl,-Apt-2105,-Chicago,-IL-60611",0.0,0.0,0.0,0.0,0.0,0.0,0.0,0.0,0.0,0.0,0.0,0.0,0.0,0.0,0.0,0.0,0.0,44957.0,2963.0,41994.0,0.0,0.0,0.0,0.0,0.0,0.0,0.0,0.0
"5129-N-Newton-Cir,-Park-City,-KS-67219",0.0,0.0,0.0,0.0,0.0,0.0,0.0,0.0,0.0,25818.0,3945.0,21873.0,0.0,0.0,0.0,0.0,0.0,0.0,0.0,0.0,0.0,0.0,0.0,0.0,0.0,0.0,0.0,0.0
"1641-Old-Orchard-Ln,-Seabrook,-TX-77586",0.0,0.0,0.0,419655.0,76655.0,343000.0,353465.0,76655.0,276810.0,0.0,0.0,0.0,0.0,0.0,0.0,0.0,0.0,0.0,0.0,0.0,0.0,0.0,0.0,0.0,0.0,0.0,0.0,0.0
"328-Union-Ave,-Runnemede,-NJ-08078",0.0,0.0,0.0,0.0,0.0,0.0,161000.0,49200.0,111800.0,0.0,0.0,0.0,0.0,0.0,0.0,0.0,0.0,0.0,0.0,0.0,0.0,0.0,0.0,0.0,0.0,0.0,0.0,0.0
"877-Brosmer-Dr,-Reynoldsburg,-OH-43068",97480.0,18900.0,78580.0,0.0,0.0,0.0,97480.0,18900.0,78580.0,0.0,0.0,0.0,84040.0,12600.0,0.0,0.0,0.0,0.0,0.0,0.0,71440.0,0.0,0.0,0.0,0.0,0.0,0.0,0.0
"3222-W-Myrtle-Ave,-Phoenix,-AZ-85051",0.0,0.0,0.0,0.0,0.0,0.0,0.0,0.0,0.0,0.0,0.0,0.0,0.0,0.0,0.0,0.0,0.0,0.0,0.0,0.0,0.0,0.0,0.0,0.0,0.0,0.0,0.0,0.0
"24417-Twin-Lake-Dr,-Land-O-Lakes,-FL-34639",0.0,0.0,0.0,0.0,0.0,0.0,299715.0,45333.0,254382.0,202603.0,22035.0,180568.0,0.0,0.0,0.0,0.0,0.0,0.0,0.0,0.0,0.0,0.0,0.0,0.0,0.0,0.0,0.0,0.0
"624-N-Main-St,-Kewaunee,-WI-54216",0.0,0.0,0.0,0.0,0.0,0.0,0.0,0.0,0.0,0.0,0.0,0.0,0.0,0.0,0.0,0.0,0.0,0.0,0.0,0.0,0.0,0.0,0.0,0.0,0.0,0.0,0.0,0.0
"141-S-670-E,-Pleasant-Grove,-UT-84062",0.0,0.0,0.0,0.0,0.0,0.0,276210.0,0.0,0.0,0.0,0.0,0.0,0.0,0.0,0.0,0.0,0.0,0.0,0.0,0.0,0.0,0.0,0.0,0.0,0.0,0.0,0.0,0.0
"41-Mary-St,-West-Jefferson,-OH-43162",0.0,0.0,0.0,0.0,0.0,0.0,32630.0,10490.0,22140.0,0.0,0.0,0.0,0.0,0.0,0.0,0.0,0.0,0.0,0.0,0.0,0.0,0.0,0.0,0.0,0.0,0.0,0.0,0.0
"7807-Golf-Circle-Dr,-Apt-206,-Margate,-FL-33063",0.0,0.0,0.0,0.0,0.0,0.0,0.0,0.0,0.0,0.0,0.0,0.0,0.0,0.0,0.0,0.0,0.0,0.0,0.0,0.0,0.0,0.0,0.0,0.0,0.0,0.0,0.0,0.0
"6449-Wetherole-St,-Apt-2I,-Rego-Park,-NY-11374",0.0,0.0,0.0,0.0,0.0,0.0,0.0,0.0,0.0,0.0,0.0,0.0,41296.0,2280.0,0.0,0.0,0.0,0.0,0.0,0.0,39016.0,0.0,0.0,0.0,0.0,0.0,0.0,0.0
"3350-Mcfaddin-St,-Apt-27,-Beaumont,-TX-77706",0.0,0.0,0.0,0.0,0.0,0.0,0.0,0.0,0.0,0.0,0.0,0.0,0.0,0.0,0.0,0.0,0.0,0.0,0.0,0.0,0.0,0.0,0.0,0.0,0.0,0.0,0.0,0.0
"510-S-Irena-Ave,-Redondo-Beach,-CA-90277",0.0,0.0,0.0,2599149.0,1010779.0,1588370.0,2548186.0,990960.0,1557226.0,2472608.0,961569.0,1511039.0,2424126.0,942715.0,0.0,0.0,0.0,0.0,0.0,0.0,1481411.0,0.0,0.0,0.0,0.0,0.0,0.0,0.0
"713-Mainsail-Dr,-Tampa,-FL-33602",233507.0,100.0,233407.0,0.0,0.0,0.0,0.0,0.0,0.0,0.0,0.0,0.0,0.0,0.0,0.0,0.0,0.0,0.0,0.0,0.0,0.0,0.0,0.0,0.0,0.0,0.0,0.0,0.0
"113-Obregon-St,-San-Antonio,-TX-78207",0.0,0.0,0.0,102250.0,40440.0,61810.0,96740.0,30690.0,66050.0,0.0,0.0,0.0,0.0,0.0,0.0,0.0,0.0,0.0,0.0,0.0,0.0,0.0,0.0,0.0,0.0,0.0,0.0,0.0
"1632-River-Oaks-Dr,-Irving,-TX-75060",0.0,0.0,0.0,221820.0,50000.0,171820.0,221820.0,50000.0,171820.0,180510.0,0.0,0.0,0.0,0.0,0.0,0.0,0.0,0.0,0.0,0.0,0.0,0.0,0.0,0.0,0.0,0.0,0.0,0.0
"2718-Bettis-Ave,-Wasco,-CA-93280",0.0,0.0,0.0,164858.0,34476.0,130382.0,0.0,0.0,0.0,0.0,0.0,0.0,0.0,0.0,0.0,0.0,0.0,0.0,0.0,0.0,0.0,0.0,0.0,0.0,0.0,0.0,0.0,0.0
"337-Early-Rd,-Columbia,-TN-38401",17080.0,0.0,17080.0,0.0,0.0,0.0,0.0,0.0,0.0,0.0,0.0,0.0,0.0,0.0,0.0,0.0,0.0,0.0,0.0,0.0,0.0,0.0,0.0,0.0,0.0,0.0,0.0,0.0
"1025-Martin-Luther-King-Jr-Dr,-Asheboro,-NC-27203",0.0,0.0,0.0,0.0,0.0,0.0,0.0,0.0,0.0,0.0,0.0,0.0,0.0,0.0,0.0,0.0,0.0,0.0,0.0,0.0,0.0,0.0,0.0,0.0,0.0,0.0,0.0,0.0
"625-Hidden-Cove-Dr,-Princeton,-TX-75407",0.0,0.0,0.0,394749.0,100000.0,294749.0,351000.0,80000.0,271000.0,0.0,0.0,0.0,0.0,0.0,0.0,0.0,0.0,0.0,0.0,0.0,0.0,0.0,0.0,0.0,0.0,0.0,0.0,0.0
"1901-N-River-Rd,-Algonquin,-IL-60102",0.0,0.0,0.0,0.0,0.0,0.0,148177.0,36657.0,111520.0,0.0,0.0,0.0,0.0,0.0,0.0,0.0,0.0,0.0,0.0,0.0,0.0,0.0,0.0,0.0,0.0,0.0,0.0,0.0
"8600-Douglas-Ave,-Dallas,-TX-75225",0.0,0.0,0.0,4272360.0,2214080.0,2058280.0,4000000.0,1974720.0,2025280.0,0.0,0.0,0.0,0.0,0.0,0.0,0.0,0.0,0.0,0.0,0.0,0.0,0.0,0.0,0.0,0.0,0.0,0.0,0.0
"1615-Mariah-Way-E,-Fort-Walton-Beach,-FL-32547",0.0,0.0,0.0,0.0,0.0,0.0,287291.0,56652.0,230639.0,0.0,0.0,0.0,0.0,0.0,0.0,0.0,0.0,0.0,0.0,0.0,0.0,0.0,0.0,0.0,0.0,0.0,0.0,0.0
"134-Danforth-Dr,-Port-Charlotte,-FL-33980",0.0,0.0,0.0,0.0,0.0,0.0,0.0,0.0,0.0,0.0,0.0,0.0,0.0,0.0,0.0,0.0,0.0,0.0,0.0,0.0,0.0,0.0,0.0,0.0,0.0,0.0,0.0,0.0
"3813-Octavia-Ln,-Round-Rock,-TX-78681",0.0,0.0,0.0,566350.0,136000.0,430350.0,415515.0,80000.0,335515.0,373257.0,75160.0,298097.0,0.0,0.0,0.0,0.0,0.0,0.0,0.0,0.0,0.0,0.0,0.0,0.0,0.0,0.0,0.0,0.0
"235th-St-W,-Rosamond,-CA-93560",0.0,0.0,0.0,0.0,0.0,0.0,0.0,0.0,0.0,0.0,0.0,0.0,0.0,0.0,0.0,0.0,0.0,0.0,0.0,0.0,0.0,0.0,0.0,0.0,0.0,0.0,0.0,0.0
"21515-Fairhaven-Creek-Dr,-Cypress,-TX-77433",0.0,0.0,0.0,0.0,0.0,0.0,819979.0,151531.0,668448.0,0.0,0.0,0.0,0.0,0.0,0.0,0.0,0.0,0.0,0.0,0.0,0.0,0.0,0.0,0.0,0.0,0.0,0.0,0.0
"14405-Hardtree-Dr,-Lake-Hughes,-CA-93532",0.0,0.0,0.0,174012.0,22741.0,151271.0,0.0,0.0,0.0,165543.0,21635.0,143908.0,0.0,0.0,0.0,0.0,0.0,0.0,0.0,0.0,0.0,0.0,0.0,0.0,0.0,0.0,0.0,0.0
"3011-Nova-Scotia-Ln,-Melbourne,-FL-32935",0.0,0.0,0.0,0.0,0.0,0.0,156110.0,0.0,0.0,0.0,0.0,0.0,0.0,0.0,0.0,0.0,0.0,0.0,0.0,0.0,0.0,0.0,0.0,0.0,0.0,0.0,0.0,0.0
"106-Ada-St,-West-Monroe,-LA-71291",0.0,0.0,0.0,0.0,0.0,0.0,0.0,0.0,0.0,0.0,0.0,0.0,0.0,0.0,0.0,0.0,0.0,0.0,0.0,0.0,0.0,0.0,0.0,0.0,0.0,0.0,0.0,0.0
"11114-Marbel-Ave,-Downey,-CA-90241",0.0,0.0,0.0,125076.0,55824.0,69252.0,0.0,0.0,0.0,118989.0,53107.0,65882.0,0.0,0.0,0.0,0.0,0.0,0.0,0.0,0.0,0.0,0.0,0.0,0.0,0.0,0.0,0.0,0.0
"717-Gee-St,-Salinas,-CA-93905",146566.0,42424.0,104142.0,0.0,0.0,0.0,0.0,0.0,0.0,0.0,0.0,0.0,0.0,0.0,0.0,0.0,0.0,0.0,0.0,0.0,0.0,0.0,0.0,0.0,0.0,0.0,0.0,0.0
"1907-Arbor-Vista-Dr,-Charlotte,-NC-28262",266200.0,50000.0,216200.0,446500.0,100000.0,346500.0,266200.0,50000.0,216200.0,0.0,0.0,0.0,0.0,0.0,0.0,0.0,0.0,0.0,0.0,0.0,0.0,0.0,0.0,0.0,0.0,0.0,0.0,0.0
"Marsh-View-Dr,-Lot-1,-Townsend,-GA-31331",0.0,0.0,0.0,0.0,0.0,0.0,0.0,0.0,0.0,0.0,0.0,0.0,0.0,0.0,0.0,0.0,0.0,0.0,0.0,0.0,0.0,0.0,0.0,0.0,0.0,0.0,0.0,0.0
"1009-W-Blaine-St,-Seattle,-WA-98119",920000.0,432000.0,488000.0,0.0,0.0,0.0,1156000.0,750000.0,406000.0,835000.0,397000.0,438000.0,0.0,0.0,0.0,0.0,0.0,0.0,0.0,0.0,0.0,0.0,0.0,0.0,0.0,0.0,0.0,0.0
"110-3rd-Ave,-Apt-3,-St-Pete-Beach,-FL-33706",0.0,0.0,0.0,0.0,0.0,0.0,0.0,0.0,0.0,0.0,0.0,0.0,0.0,0.0,0.0,0.0,0.0,0.0,0.0,0.0,0.0,0.0,0.0,0.0,0.0,0.0,0.0,0.0
"502-1st-St-N,-Texas-City,-TX-77590",0.0,0.0,0.0,0.0,0.0,0.0,0.0,0.0,0.0,0.0,0.0,0.0,0.0,0.0,0.0,0.0,0.0,0.0,0.0,0.0,0.0,0.0,0.0,0.0,0.0,0.0,0.0,0.0
"23330-Westheimer-Pkwy,-Katy,-TX-77494",0.0,0.0,0.0,0.0,0.0,0.0,0.0,0.0,0.0,0.0,0.0,0.0,0.0,0.0,0.0,0.0,0.0,0.0,0.0,0.0,0.0,0.0,0.0,0.0,0.0,0.0,0.0,0.0
"10425-Hopcraft-Rd,-Onondaga,-MI-49264",0.0,0.0,0.0,0.0,0.0,0.0,0.0,0.0,0.0,0.0,0.0,0.0,0.0,0.0,0.0,0.0,0.0,0.0,0.0,0.0,0.0,0.0,0.0,0.0,0.0,0.0,0.0,0.0
"247-Candytuft-Rd,-Reisterstown,-MD-21136",0.0,0.0,0.0,174533.0,0.0,0.0,169867.0,0.0,0.0,0.0,0.0,0.0,0.0,0.0,0.0,0.0,0.0,0.0,0.0,0.0,0.0,0.0,0.0,0.0,0.0,0.0,0.0,0.0
"1775-N-Lafayette-St,-Unit-1,-Denver,-CO-80218",0.0,0.0,0.0,0.0,0.0,0.0,0.0,0.0,0.0,0.0,0.0,0.0,0.0,0.0,0.0,0.0,0.0,0.0,0.0,0.0,0.0,0.0,0.0,0.0,0.0,0.0,0.0,0.0
"15441-Sabillasville-Rd,-Blue-Ridge-Summit,-PA-17214",14300.0,1670.0,12630.0,0.0,0.0,0.0,0.0,0.0,0.0,0.0,0.0,0.0,0.0,0.0,0.0,0.0,0.0,0.0,0.0,0.0,0.0,0.0,0.0,0.0,0.0,0.0,0.0,0.0
"6-Penny-Ln,-Scarsdale,-NY-10583",0.0,0.0,0.0,0.0,0.0,0.0,1445600.0,472000.0,973600.0,0.0,0.0,0.0,0.0,0.0,0.0,0.0,0.0,0.0,0.0,0.0,0.0,0.0,0.0,0.0,0.0,0.0,0.0,0.0
"28-Asbury-Rd,-Asheville,-NC-28804",0.0,0.0,0.0,0.0,0.0,0.0,0.0,0.0,0.0,616400.0,0.0,0.0,0.0,0.0,0.0,0.0,0.0,0.0,0.0,0.0,0.0,0.0,0.0,0.0,0.0,0.0,0.0,0.0
"653-Cross-Keys-Rd,-Sicklerville,-NJ-08081",0.0,0.0,0.0,0.0,0.0,0.0,0.0,0.0,0.0,0.0,0.0,0.0,0.0,0.0,0.0,0.0,0.0,0.0,0.0,0.0,0.0,0.0,0.0,0.0,0.0,0.0,0.0,0.0
"118-Glavera-Ave-NE,-Canton,-OH-44704",0.0,0.0,0.0,0.0,0.0,0.0,0.0,0.0,0.0,0.0,0.0,0.0,0.0,0.0,0.0,0.0,0.0,0.0,0.0,0.0,0.0,0.0,0.0,0.0,0.0,0.0,0.0,0.0
"25117-Plantation-Dr-NE,-Atlanta,-GA-30324",100960.0,15000.0,85960.0,0.0,0.0,0.0,107800.0,14160.0,93640.0,0.0,0.0,0.0,94240.0,13960.0,0.0,0.0,0.0,0.0,0.0,0.0,80280.0,0.0,0.0,0.0,0.0,0.0,0.0,0.0
"4252-N-Teutonia-Ave,-Apt-201,-Milwaukee,-WI-53209",0.0,0.0,0.0,0.0,0.0,0.0,0.0,0.0,0.0,0.0,0.0,0.0,0.0,0.0,0.0,0.0,0.0,0.0,0.0,0.0,0.0,0.0,0.0,0.0,0.0,0.0,0.0,0.0
"161-Kaylor-Rd,-Pittsburgh,-PA-15237",0.0,0.0,0.0,108300.0,45000.0,63300.0,0.0,0.0,0.0,0.0,0.0,0.0,0.0,0.0,0.0,0.0,0.0,0.0,0.0,0.0,0.0,0.0,0.0,0.0,0.0,0.0,0.0,0.0
"6750-Us-Hwy,-27-N-Apt-C23,-Sebring,-FL-33870",0.0,0.0,0.0,0.0,0.0,0.0,95511.0,4000.0,91511.0,0.0,0.0,0.0,67070.0,0.0,0.0,0.0,0.0,0.0,0.0,0.0,0.0,0.0,0.0,0.0,0.0,0.0,0.0,0.0
"172-Parkrose-Dr,-Buda,-TX-78610",0.0,0.0,0.0,481738.0,97000.0,490600.0,437944.0,82200.0,502990.0,0.0,0.0,0.0,366440.0,35000.0,0.0,0.0,0.0,0.0,0.0,0.0,331440.0,0.0,0.0,0.0,0.0,0.0,0.0,0.0
"6-Quail-Path,-Liverpool,-NY-13090",4600.0,1000.0,3600.0,0.0,0.0,0.0,0.0,0.0,0.0,0.0,0.0,0.0,0.0,0.0,0.0,0.0,0.0,0.0,0.0,0.0,0.0,0.0,0.0,0.0,0.0,0.0,0.0,0.0
"2520-Woodside-Dr,-Lewisville,-TX-75077",435206.0,70724.0,364482.0,578818.0,106086.0,472732.0,443000.0,106086.0,336914.0,0.0,0.0,0.0,0.0,0.0,0.0,0.0,0.0,0.0,0.0,0.0,0.0,0.0,0.0,0.0,0.0,0.0,0.0,0.0
"10742-W-Flower-St,-Avondale,-AZ-85392",0.0,0.0,0.0,26120.0,5220.0,20900.0,0.0,0.0,0.0,0.0,0.0,0.0,0.0,0.0,0.0,0.0,0.0,0.0,0.0,0.0,0.0,0.0,0.0,0.0,0.0,0.0,0.0,0.0
"2523-Spring-St,-Pittsburgh,-PA-15210",10100.0,7600.0,2500.0,0.0,0.0,0.0,0.0,0.0,0.0,0.0,0.0,0.0,0.0,0.0,0.0,0.0,0.0,0.0,0.0,0.0,0.0,0.0,0.0,0.0,0.0,0.0,0.0,0.0
"59274-Herwig-Rd,-Trlr-47,-Slidell,-LA-70461",0.0,0.0,0.0,0.0,0.0,0.0,0.0,0.0,0.0,0.0,0.0,0.0,0.0,0.0,0.0,0.0,0.0,0.0,0.0,0.0,0.0,0.0,0.0,0.0,0.0,0.0,0.0,0.0
"14400-Vose-St,-Apt-203,-Van-Nuys,-CA-91405",0.0,0.0,0.0,0.0,0.0,0.0,0.0,0.0,0.0,0.0,0.0,0.0,0.0,0.0,0.0,0.0,0.0,0.0,0.0,0.0,0.0,0.0,0.0,0.0,0.0,0.0,0.0,0.0
"1620-S-Chance-Ave,-Apt-117,-Fresno,-CA-93702",0.0,0.0,0.0,0.0,0.0,0.0,0.0,0.0,0.0,0.0,0.0,0.0,0.0,0.0,0.0,0.0,0.0,0.0,0.0,0.0,0.0,0.0,0.0,0.0,0.0,0.0,0.0,0.0
"9350-S-Cimarron-Rd,-Unit-2080,-Las-Vegas,-NV-89178",0.0,0.0,0.0,0.0,0.0,0.0,0.0,0.0,0.0,0.0,0.0,0.0,0.0,0.0,0.0,0.0,0.0,0.0,0.0,0.0,0.0,0.0,0.0,0.0,0.0,0.0,0.0,0.0
"1433-Royer-St,-Des-Moines,-IA-50316",0.0,0.0,0.0,113400.0,24200.0,89200.0,91000.0,20200.0,70800.0,0.0,0.0,0.0,0.0,0.0,0.0,0.0,0.0,0.0,0.0,0.0,0.0,0.0,0.0,0.0,0.0,0.0,0.0,0.0
"8099-Bridle-Path-Cir,-Jurupa-Valley,-CA-92509",0.0,0.0,0.0,0.0,0.0,0.0,281600.0,62029.0,219571.0,0.0,0.0,0.0,0.0,0.0,0.0,0.0,0.0,0.0,0.0,0.0,0.0,0.0,0.0,0.0,0.0,0.0,0.0,0.0
"12615-Huntingwick-Dr,-Houston,-TX-77024",0.0,0.0,0.0,0.0,0.0,0.0,309619.0,58828.0,250791.0,273194.0,51907.0,221287.0,0.0,0.0,0.0,0.0,0.0,0.0,0.0,0.0,0.0,0.0,0.0,0.0,0.0,0.0,0.0,0.0
"3711-Landon-Park-Dr,-Katy,-TX-77449",0.0,0.0,0.0,0.0,0.0,0.0,302896.0,46459.0,256437.0,219080.0,31605.0,187475.0,0.0,0.0,0.0,0.0,0.0,0.0,0.0,0.0,0.0,0.0,0.0,0.0,0.0,0.0,0.0,0.0
"4312-Airport-Blvd,-Austin,-TX-78722",0.0,0.0,0.0,0.0,0.0,0.0,0.0,0.0,0.0,0.0,0.0,0.0,0.0,0.0,0.0,0.0,0.0,0.0,0.0,0.0,0.0,0.0,0.0,0.0,0.0,0.0,0.0,0.0
"2028-Kays-Mill-Rd,-Finksburg,-MD-21048",0.0,0.0,0.0,0.0,0.0,0.0,428700.0,171200.0,257500.0,0.0,0.0,0.0,0.0,0.0,0.0,0.0,0.0,0.0,0.0,0.0,0.0,0.0,0.0,0.0,0.0,0.0,0.0,0.0
"1344-Stuart-St,-Denver,-CO-80204",0.0,0.0,0.0,0.0,0.0,0.0,0.0,0.0,0.0,0.0,0.0,0.0,36310.0,36240.0,0.0,0.0,0.0,0.0,0.0,0.0,70.0,0.0,0.0,0.0,0.0,0.0,0.0,0.0
"6252-N-Lee-St,-Apt-14,-Morrow,-GA-30260",0.0,0.0,0.0,0.0,0.0,0.0,0.0,0.0,0.0,0.0,0.0,0.0,0.0,0.0,0.0,0.0,0.0,0.0,0.0,0.0,0.0,0.0,0.0,0.0,0.0,0.0,0.0,0.0
"1068-Ringwood-Ave,-Ste-1,-Haskell,-NJ-07420",0.0,0.0,0.0,0.0,0.0,0.0,0.0,0.0,0.0,0.0,0.0,0.0,0.0,0.0,0.0,0.0,0.0,0.0,0.0,0.0,0.0,0.0,0.0,0.0,0.0,0.0,0.0,0.0
"13068-E-Adams-Rd,-Hammond,-LA-70403",10943.0,2500.0,8443.0,0.0,0.0,0.0,10943.0,2500.0,8443.0,0.0,0.0,0.0,0.0,0.0,0.0,0.0,0.0,0.0,0.0,0.0,0.0,0.0,0.0,0.0,0.0,0.0,0.0,0.0
"5161-Bluegrass-Trl,-Grovetown,-GA-30813",77504.0,22547.0,54957.0,0.0,0.0,0.0,0.0,0.0,0.0,0.0,0.0,0.0,0.0,0.0,0.0,0.0,0.0,0.0,0.0,0.0,0.0,0.0,0.0,0.0,0.0,0.0,0.0,0.0
"2235-Catamaran-Dr,-Lake-Havasu-City,-AZ-86404",0.0,0.0,0.0,0.0,0.0,0.0,0.0,0.0,0.0,0.0,0.0,0.0,0.0,0.0,0.0,0.0,0.0,0.0,0.0,0.0,0.0,0.0,0.0,0.0,0.0,0.0,0.0,0.0
"401-S-El-Cielo-Rd,-Unit-176,-Palm-Springs,-CA-92262",0.0,0.0,0.0,268891.0,79523.0,189368.0,0.0,0.0,0.0,0.0,0.0,0.0,234000.0,74170.0,0.0,0.0,0.0,0.0,0.0,0.0,159830.0,0.0,0.0,0.0,0.0,0.0,0.0,0.0
"2945-W-Peterson-Ave---B,-Chicago,-IL-60659",0.0,0.0,0.0,0.0,0.0,0.0,0.0,0.0,0.0,0.0,0.0,0.0,0.0,0.0,0.0,0.0,0.0,0.0,0.0,0.0,0.0,0.0,0.0,0.0,0.0,0.0,0.0,0.0
"2127-Green-St,-Philadelphia,-PA-19130",0.0,0.0,0.0,0.0,0.0,0.0,0.0,0.0,0.0,0.0,0.0,0.0,0.0,0.0,0.0,0.0,0.0,0.0,0.0,0.0,0.0,0.0,0.0,0.0,0.0,0.0,0.0,0.0
"306-Upper-Mountain-Ave,-Montclair,-NJ-07043",0.0,0.0,0.0,0.0,0.0,0.0,0.0,0.0,0.0,0.0,0.0,0.0,0.0,0.0,0.0,0.0,0.0,1692000.0,482600.0,1209400.0,0.0,0.0,0.0,0.0,0.0,0.0,0.0,0.0
"385-Piermont-Ave,-Hillsdale,-NJ-07642",0.0,0.0,0.0,0.0,0.0,0.0,377100.0,213800.0,163300.0,0.0,0.0,0.0,0.0,0.0,0.0,0.0,0.0,0.0,0.0,0.0,0.0,0.0,0.0,0.0,0.0,0.0,0.0,0.0
"8507-Sagestone-Ct,-Houston,-TX-77095",373621.0,68994.0,304627.0,478906.0,82885.0,396021.0,453123.0,68994.0,384129.0,345735.0,57418.0,288317.0,0.0,0.0,0.0,0.0,0.0,0.0,0.0,0.0,0.0,0.0,0.0,0.0,0.0,0.0,0.0,0.0
"11319-Corum-St,-Houston,-TX-77089",0.0,0.0,0.0,0.0,0.0,0.0,177914.0,53550.0,124364.0,0.0,0.0,0.0,0.0,0.0,0.0,0.0,0.0,0.0,0.0,0.0,0.0,0.0,0.0,0.0,0.0,0.0,0.0,0.0
"302-Sagebrush,-Pharr,-TX-78577",0.0,0.0,0.0,47243.0,30750.0,16493.0,39672.0,22500.0,17172.0,0.0,0.0,0.0,0.0,0.0,0.0,0.0,0.0,0.0,0.0,0.0,0.0,0.0,0.0,0.0,0.0,0.0,0.0,0.0
"258-W-Nicklaus-Ave,-Kalispell,-MT-59901",0.0,0.0,0.0,0.0,0.0,0.0,0.0,0.0,0.0,0.0,0.0,0.0,0.0,0.0,0.0,0.0,0.0,0.0,0.0,0.0,0.0,0.0,0.0,0.0,0.0,0.0,0.0,0.0
"139-Seabreeze-Dr,-Murrells-Inlet,-SC-29576",24528.0,8910.0,15618.0,0.0,0.0,0.0,0.0,0.0,0.0,16434.0,8910.0,7524.0,0.0,0.0,0.0,0.0,0.0,0.0,0.0,0.0,0.0,0.0,0.0,0.0,0.0,0.0,0.0,0.0
"114-E-Oak-St,-Palmyra,-PA-17078",0.0,0.0,0.0,141600.0,31300.0,110300.0,0.0,0.0,0.0,0.0,0.0,0.0,0.0,0.0,0.0,0.0,0.0,0.0,0.0,0.0,0.0,0.0,0.0,0.0,0.0,0.0,0.0,0.0
"1512-N-Florence-Pl,-Tulsa,-OK-74110",0.0,0.0,0.0,0.0,0.0,0.0,3300.0,1100.0,2200.0,0.0,0.0,0.0,0.0,0.0,0.0,0.0,0.0,0.0,0.0,0.0,0.0,0.0,0.0,0.0,0.0,0.0,0.0,0.0
"11890-W-135th-St,-Overland-Park,-KS-66221",0.0,0.0,0.0,0.0,0.0,0.0,0.0,0.0,0.0,0.0,0.0,0.0,0.0,0.0,0.0,0.0,0.0,0.0,0.0,0.0,0.0,0.0,0.0,0.0,0.0,0.0,0.0,0.0
"11209-Fetterly-Rd-W,-Hopkins,-MN-55305",0.0,0.0,0.0,0.0,0.0,0.0,645000.0,225500.0,419500.0,0.0,0.0,0.0,0.0,0.0,0.0,0.0,0.0,0.0,0.0,0.0,0.0,0.0,0.0,0.0,0.0,0.0,0.0,0.0
"1465-Culpepper-Dr,-Naperville,-IL-60540",148010.0,66450.0,81560.0,0.0,0.0,0.0,153830.0,69060.0,84770.0,145350.0,65260.0,80090.0,0.0,0.0,0.0,0.0,0.0,0.0,0.0,0.0,0.0,0.0,0.0,0.0,0.0,0.0,0.0,0.0
"2722-Halsey-Dr,-Flower-Mound,-TX-75028",0.0,0.0,0.0,0.0,0.0,0.0,505221.0,118123.0,387098.0,0.0,0.0,0.0,0.0,0.0,0.0,0.0,0.0,0.0,0.0,0.0,0.0,0.0,0.0,0.0,0.0,0.0,0.0,0.0
"6261-E-Canyon-Crossing-Dr,-Nampa,-ID-83687",0.0,0.0,0.0,0.0,0.0,0.0,0.0,0.0,0.0,0.0,0.0,0.0,0.0,0.0,0.0,0.0,0.0,0.0,0.0,0.0,0.0,0.0,0.0,0.0,0.0,0.0,0.0,0.0
"26076-Weigel-Rd,-New-Boston,-MI-48164",0.0,0.0,0.0,0.0,0.0,0.0,47400.0,0.0,0.0,0.0,0.0,0.0,0.0,0.0,0.0,0.0,0.0,0.0,0.0,0.0,0.0,0.0,0.0,0.0,0.0,0.0,0.0,0.0
"16-Sylvester-St,-Manchester,-NH-03102",0.0,0.0,0.0,0.0,0.0,0.0,261700.0,92700.0,169000.0,0.0,0.0,0.0,173900.0,63900.0,0.0,0.0,0.0,0.0,0.0,0.0,110000.0,0.0,0.0,0.0,0.0,0.0,0.0,0.0
"10527-Driver-Ave,-Saint-Louis,-MO-63114",0.0,0.0,0.0,0.0,0.0,0.0,27070.0,4670.0,22400.0,0.0,0.0,0.0,0.0,0.0,0.0,0.0,0.0,0.0,0.0,0.0,0.0,0.0,0.0,0.0,0.0,0.0,0.0,0.0
"716-N-Atlanta-St,-Owasso,-OK-74055",0.0,0.0,0.0,0.0,0.0,0.0,0.0,0.0,0.0,9885.0,2774.0,7111.0,0.0,0.0,0.0,0.0,0.0,0.0,0.0,0.0,0.0,0.0,0.0,0.0,0.0,0.0,0.0,0.0
"123-Wayward-Dr,-Durham,-NC-27703",0.0,0.0,0.0,0.0,0.0,0.0,0.0,0.0,0.0,31464.0,29860.0,1604.0,0.0,0.0,0.0,0.0,0.0,0.0,0.0,0.0,0.0,0.0,0.0,0.0,0.0,0.0,0.0,0.0
"402-Shady-Oaks-Cir,-Denton,-TX-76208",0.0,0.0,0.0,0.0,0.0,0.0,0.0,0.0,0.0,0.0,0.0,0.0,0.0,0.0,0.0,0.0,0.0,0.0,0.0,0.0,0.0,0.0,0.0,0.0,0.0,0.0,0.0,0.0
"59604-Plum-Nearly-Rd,-Bogalusa,-LA-70427",0.0,0.0,0.0,0.0,0.0,0.0,0.0,0.0,0.0,0.0,0.0,0.0,0.0,0.0,0.0,0.0,0.0,0.0,0.0,0.0,0.0,0.0,0.0,0.0,0.0,0.0,0.0,0.0
"105-Hickory-Hills-Dr,-Murfreesboro,-TN-37128",0.0,0.0,0.0,74550.0,13750.0,60800.0,0.0,0.0,0.0,0.0,0.0,0.0,0.0,0.0,0.0,0.0,0.0,0.0,0.0,0.0,0.0,0.0,0.0,0.0,0.0,0.0,0.0,0.0
"955-Eudora-St,-Apt-1603,-Denver,-CO-80220",22150.0,1440.0,20710.0,0.0,0.0,0.0,21530.0,1400.0,20130.0,0.0,0.0,0.0,0.0,0.0,0.0,0.0,0.0,0.0,0.0,0.0,0.0,0.0,0.0,0.0,0.0,0.0,0.0,0.0
"321-323-Shore-Dr,-Apt-16---UNIT-23,-Highlands,-NJ-07732",124800.0,50000.0,74800.0,0.0,0.0,0.0,0.0,0.0,0.0,0.0,0.0,0.0,0.0,0.0,0.0,0.0,0.0,0.0,0.0,0.0,0.0,0.0,0.0,0.0,0.0,0.0,0.0,0.0
"490-Hoffman-Ave,-Apt-311,-Trenton,-NJ-08618",0.0,0.0,0.0,0.0,0.0,0.0,0.0,0.0,0.0,0.0,0.0,0.0,0.0,0.0,0.0,0.0,0.0,0.0,0.0,0.0,0.0,0.0,0.0,0.0,0.0,0.0,0.0,0.0
"108-S-Ellyn-Ave,-Glen-Ellyn,-IL-60137",0.0,0.0,0.0,0.0,0.0,0.0,0.0,0.0,0.0,0.0,0.0,0.0,0.0,0.0,0.0,0.0,0.0,99360.0,28260.0,71100.0,0.0,0.0,0.0,0.0,0.0,0.0,0.0,0.0
"1025-E-Young-St,-Longview,-TX-75602",0.0,0.0,0.0,0.0,0.0,0.0,28260.0,2500.0,25760.0,17170.0,2400.0,14770.0,0.0,0.0,0.0,0.0,0.0,0.0,0.0,0.0,0.0,0.0,0.0,0.0,0.0,0.0,0.0,0.0
"21423-Old-Owen-Rd,-Monroe,-WA-98272",0.0,0.0,0.0,0.0,0.0,0.0,0.0,0.0,0.0,0.0,0.0,0.0,306200.0,161100.0,0.0,0.0,0.0,0.0,0.0,0.0,145100.0,0.0,0.0,0.0,0.0,0.0,0.0,0.0
"7440-N-Hermitage-Ave,-Apt-3G,-Chicago,-IL-60626",0.0,0.0,0.0,0.0,0.0,0.0,0.0,0.0,0.0,0.0,0.0,0.0,8722.0,703.0,0.0,0.0,0.0,0.0,0.0,0.0,8019.0,0.0,0.0,0.0,0.0,0.0,0.0,0.0
"888-E-Quincy-Ave,-Englewood,-CO-80113",97598.0,0.0,0.0,0.0,0.0,0.0,94868.0,0.0,0.0,0.0,0.0,0.0,0.0,0.0,0.0,0.0,0.0,0.0,0.0,0.0,0.0,0.0,0.0,0.0,0.0,0.0,0.0,0.0
"444-Niu-St,-Apt-3405A,-Honolulu,-HI-96815",0.0,0.0,0.0,0.0,0.0,0.0,0.0,0.0,0.0,0.0,0.0,0.0,0.0,0.0,0.0,0.0,0.0,0.0,0.0,0.0,0.0,0.0,0.0,0.0,0.0,0.0,0.0,0.0
"4751-Hamburg-St,-Las-Vegas,-NV-89147",78492.0,28350.0,50142.0,91306.0,33950.0,57356.0,84039.0,31500.0,52539.0,0.0,0.0,0.0,0.0,0.0,0.0,0.0,0.0,0.0,0.0,0.0,0.0,0.0,0.0,0.0,0.0,0.0,0.0,0.0
"10504-Lord-Dr,-Saint-Louis,-MO-63136",0.0,0.0,0.0,11440.0,1180.0,10260.0,7340.0,1560.0,5780.0,6790.0,1200.0,5590.0,6790.0,1200.0,0.0,0.0,0.0,0.0,0.0,0.0,5590.0,0.0,0.0,0.0,0.0,0.0,0.0,0.0
"2304-Oak-Ln,-Ste-236,-Grand-Prairie,-TX-75051",0.0,0.0,0.0,0.0,0.0,0.0,0.0,0.0,0.0,0.0,0.0,0.0,0.0,0.0,0.0,0.0,0.0,0.0,0.0,0.0,0.0,0.0,0.0,0.0,0.0,0.0,0.0,0.0
"1112-Stoeber-Ave,-Sarasota,-FL-34232",0.0,0.0,0.0,0.0,0.0,0.0,241629.0,0.0,0.0,0.0,0.0,0.0,0.0,0.0,0.0,0.0,0.0,0.0,0.0,0.0,0.0,0.0,0.0,0.0,0.0,0.0,0.0,0.0
"5212-Ne-37th-St,-Kansas-City,-MO-64117",0.0,0.0,0.0,0.0,0.0,0.0,0.0,0.0,0.0,0.0,0.0,0.0,0.0,0.0,0.0,0.0,0.0,0.0,0.0,0.0,0.0,0.0,0.0,0.0,0.0,0.0,0.0,0.0
"707-S-Windsor-St,-Windsor,-MO-65360",0.0,0.0,0.0,0.0,0.0,0.0,6380.0,0.0,0.0,0.0,0.0,0.0,0.0,0.0,0.0,0.0,0.0,0.0,0.0,0.0,0.0,0.0,0.0,0.0,0.0,0.0,0.0,0.0
"50-W-34th-St,-Unit-09A11,-Manhattan,-NY-10001",0.0,0.0,0.0,0.0,0.0,0.0,0.0,0.0,0.0,0.0,0.0,0.0,0.0,0.0,0.0,0.0,0.0,0.0,0.0,0.0,0.0,0.0,0.0,0.0,0.0,0.0,0.0,0.0
"3403-Memel-St,-Apt-C,-Houston,-TX-77026",0.0,0.0,0.0,0.0,0.0,0.0,0.0,0.0,0.0,0.0,0.0,0.0,0.0,0.0,0.0,0.0,0.0,0.0,0.0,0.0,0.0,0.0,0.0,0.0,0.0,0.0,0.0,0.0
"705-Huron-Hl,-Madison,-WI-53711",0.0,0.0,0.0,0.0,0.0,0.0,0.0,0.0,0.0,0.0,0.0,0.0,0.0,0.0,0.0,0.0,0.0,0.0,0.0,0.0,0.0,0.0,0.0,0.0,0.0,0.0,0.0,0.0
"1400-H-G-Mosley-Pkwy,-Apt-907,-Longview,-TX-75604",0.0,0.0,0.0,0.0,0.0,0.0,0.0,0.0,0.0,0.0,0.0,0.0,0.0,0.0,0.0,0.0,0.0,0.0,0.0,0.0,0.0,0.0,0.0,0.0,0.0,0.0,0.0,0.0
"4913-S-Narcissus-Ave,-Broken-Arrow,-OK-74011",0.0,0.0,0.0,0.0,0.0,0.0,16064.0,2781.0,13283.0,0.0,0.0,0.0,0.0,0.0,0.0,0.0,0.0,0.0,0.0,0.0,0.0,0.0,0.0,0.0,0.0,0.0,0.0,0.0
"233-Ligustrum-Ln,-Apt-204,-Merritt-Island,-FL-32953",0.0,0.0,0.0,0.0,0.0,0.0,0.0,0.0,0.0,0.0,0.0,0.0,0.0,0.0,0.0,0.0,0.0,0.0,0.0,0.0,0.0,0.0,0.0,0.0,0.0,0.0,0.0,0.0
"19043-Island-View-Dr,-Mora,-MN-55051",0.0,0.0,0.0,0.0,0.0,0.0,0.0,0.0,0.0,0.0,0.0,0.0,0.0,0.0,0.0,0.0,0.0,0.0,0.0,0.0,0.0,0.0,0.0,0.0,0.0,0.0,0.0,0.0
"3329-Highway,-1045,-Amite,-LA-70422",0.0,0.0,0.0,0.0,0.0,0.0,0.0,0.0,0.0,950.0,60.0,890.0,0.0,0.0,0.0,0.0,0.0,0.0,0.0,0.0,0.0,0.0,0.0,0.0,0.0,0.0,0.0,0.0
"2426-Summit-View-St,-Grand-Prairie,-TX-75050",0.0,0.0,0.0,152410.0,50000.0,102410.0,133500.0,35000.0,98500.0,83070.0,25000.0,58070.0,67490.0,14000.0,0.0,0.0,0.0,0.0,0.0,0.0,53490.0,0.0,0.0,0.0,0.0,0.0,0.0,0.0
"8250-Forsyth-Blvd,-Unit-209,-Clayton,-MO-63105",0.0,0.0,0.0,0.0,0.0,0.0,0.0,0.0,0.0,0.0,0.0,0.0,0.0,0.0,0.0,0.0,0.0,0.0,0.0,0.0,0.0,0.0,0.0,0.0,0.0,0.0,0.0,0.0
"PO-Box-93372,-Las-Vegas,-NV-89193",0.0,0.0,0.0,0.0,0.0,0.0,0.0,0.0,0.0,0.0,0.0,0.0,0.0,0.0,0.0,0.0,0.0,0.0,0.0,0.0,0.0,0.0,0.0,0.0,0.0,0.0,0.0,0.0
"1523-E-204th-St,-Euclid,-OH-44117",27300.0,4450.0,22860.0,0.0,0.0,0.0,27310.0,4450.0,22860.0,0.0,0.0,0.0,0.0,0.0,0.0,0.0,0.0,0.0,0.0,0.0,0.0,0.0,0.0,0.0,0.0,0.0,0.0,0.0
"716-S-Highland-St,-Arlington,-VA-22204",0.0,0.0,0.0,0.0,0.0,0.0,821400.0,633800.0,187600.0,0.0,0.0,0.0,0.0,0.0,0.0,0.0,0.0,0.0,0.0,0.0,0.0,0.0,0.0,0.0,0.0,0.0,0.0,0.0
"177-Jupiter-Trl,-Weatherford,-TX-76088",0.0,0.0,0.0,0.0,0.0,0.0,0.0,0.0,0.0,0.0,0.0,0.0,0.0,0.0,0.0,0.0,0.0,0.0,0.0,0.0,0.0,0.0,0.0,0.0,0.0,0.0,0.0,0.0
"721-N-Atlantic-Ave,-Pittsburgh,-PA-15224",0.0,0.0,0.0,0.0,0.0,0.0,64900.0,30600.0,34300.0,0.0,0.0,0.0,0.0,0.0,0.0,0.0,0.0,0.0,0.0,0.0,0.0,0.0,0.0,0.0,0.0,0.0,0.0,0.0
"116-Richmond-Dr,-Fairview-Heights,-IL-62208",0.0,0.0,0.0,0.0,0.0,0.0,12078.0,2189.0,9889.0,0.0,0.0,0.0,10859.0,1968.0,0.0,0.0,0.0,0.0,0.0,0.0,8891.0,0.0,0.0,0.0,0.0,0.0,0.0,0.0
"801-Vance-St-E,-Wilson,-NC-27893",0.0,0.0,0.0,56530.0,8000.0,48530.0,0.0,0.0,0.0,0.0,0.0,0.0,0.0,0.0,0.0,0.0,0.0,0.0,0.0,0.0,0.0,0.0,0.0,0.0,0.0,0.0,0.0,0.0
"10611-Drexel-Ave,-Cleveland,-OH-44108",9560.0,2210.0,7350.0,0.0,0.0,0.0,9560.0,2210.0,7350.0,7840.0,1820.0,6020.0,0.0,0.0,0.0,0.0,0.0,0.0,0.0,0.0,0.0,0.0,0.0,0.0,0.0,0.0,0.0,0.0
"10844-Collins-St,-North-Hollywood,-CA-91601",0.0,0.0,0.0,0.0,0.0,0.0,0.0,0.0,0.0,0.0,0.0,0.0,0.0,0.0,0.0,0.0,0.0,0.0,0.0,0.0,0.0,0.0,0.0,0.0,0.0,0.0,0.0,0.0
"1802-Commercial-St,-Steilacoom,-WA-98388",0.0,0.0,0.0,0.0,0.0,0.0,0.0,0.0,0.0,0.0,0.0,0.0,0.0,0.0,0.0,0.0,0.0,0.0,0.0,0.0,0.0,0.0,0.0,0.0,0.0,0.0,0.0,0.0
"1110-Sw-48th-Ter,-Apt-A201,-Cape-Coral,-FL-33914",0.0,0.0,0.0,0.0,0.0,0.0,0.0,0.0,0.0,0.0,0.0,0.0,0.0,0.0,0.0,0.0,0.0,0.0,0.0,0.0,0.0,0.0,0.0,0.0,0.0,0.0,0.0,0.0
"8903-C-E-King-Pkwy,-Trlr-108,-Houston,-TX-77044",0.0,0.0,0.0,0.0,0.0,0.0,20622.0,0.0,20622.0,20622.0,0.0,20622.0,0.0,0.0,0.0,0.0,0.0,0.0,0.0,0.0,0.0,0.0,0.0,0.0,0.0,0.0,0.0,0.0
"14449-Fox-St,-Mission-Hills,-CA-91345",0.0,0.0,0.0,70765.0,24943.0,45822.0,0.0,0.0,0.0,0.0,0.0,0.0,0.0,0.0,0.0,0.0,0.0,0.0,0.0,0.0,0.0,0.0,0.0,0.0,0.0,0.0,0.0,0.0
"816-Ash-St,-Burleson,-TX-76028",0.0,0.0,0.0,201385.0,35000.0,166385.0,213271.0,35000.0,178271.0,0.0,0.0,0.0,0.0,0.0,0.0,0.0,0.0,0.0,0.0,0.0,0.0,0.0,0.0,0.0,0.0,0.0,0.0,0.0
"941-Stratford-Ave,-Sweetwater,-TN-37874",0.0,0.0,0.0,0.0,0.0,0.0,0.0,0.0,0.0,0.0,0.0,0.0,0.0,0.0,0.0,0.0,0.0,0.0,0.0,0.0,0.0,0.0,0.0,0.0,0.0,0.0,0.0,0.0
"26-Pleasant-St,-Apt-2,-Cambridge,-MA-02139",0.0,0.0,0.0,0.0,0.0,0.0,0.0,0.0,0.0,0.0,0.0,0.0,0.0,0.0,0.0,0.0,0.0,0.0,0.0,0.0,0.0,0.0,0.0,0.0,0.0,0.0,0.0,0.0
"5810-Lalor-Dr,-San-Jose,-CA-95123",0.0,0.0,0.0,0.0,0.0,0.0,0.0,0.0,0.0,0.0,0.0,0.0,518399.0,168637.0,0.0,0.0,0.0,0.0,0.0,0.0,349762.0,0.0,0.0,0.0,0.0,0.0,0.0,0.0
"1258-Lago-Vista-Dr,-Beverly-Hills,-CA-90210",0.0,0.0,0.0,0.0,0.0,0.0,0.0,0.0,0.0,0.0,0.0,0.0,0.0,0.0,0.0,0.0,0.0,0.0,0.0,0.0,0.0,0.0,0.0,0.0,0.0,0.0,0.0,0.0
"1689-Mclain-Rd-NW,-Acworth,-GA-30101",0.0,0.0,0.0,0.0,0.0,0.0,155912.0,34000.0,121912.0,0.0,0.0,0.0,0.0,0.0,0.0,0.0,0.0,0.0,0.0,0.0,0.0,0.0,0.0,0.0,0.0,0.0,0.0,0.0
"46-Planters-Cir,-Beaufort,-SC-29907",9788.0,2200.0,7588.0,0.0,0.0,0.0,9788.0,2200.0,7588.0,9788.0,2200.0,7588.0,9788.0,2200.0,0.0,0.0,0.0,0.0,0.0,0.0,7588.0,0.0,0.0,0.0,0.0,0.0,0.0,0.0
"100-Grant-Ave,-Apt-306,-Duquesne,-PA-15110",0.0,0.0,0.0,0.0,0.0,0.0,0.0,0.0,0.0,0.0,0.0,0.0,0.0,0.0,0.0,0.0,0.0,0.0,0.0,0.0,0.0,0.0,0.0,0.0,0.0,0.0,0.0,0.0
"4022-Sparrow-Rock-St,-Las-Vegas,-NV-89129",0.0,0.0,0.0,93541.0,28350.0,65191.0,0.0,0.0,0.0,76276.0,20300.0,55976.0,0.0,0.0,0.0,0.0,0.0,0.0,0.0,0.0,0.0,0.0,0.0,0.0,0.0,0.0,0.0,0.0
"6238-Pelican-Coral,-San-Antonio,-TX-78244",198670.0,36300.0,162370.0,256190.0,47880.0,208310.0,232780.0,39900.0,192880.0,0.0,0.0,0.0,173590.0,31790.0,0.0,0.0,0.0,164440.0,31790.0,132650.0,141800.0,0.0,0.0,0.0,0.0,0.0,0.0,0.0
"2171-W-Sunset-Surprise-Ct,-Tucson,-AZ-85742",0.0,0.0,0.0,27005.0,0.0,0.0,0.0,0.0,0.0,0.0,0.0,0.0,19478.0,0.0,32949.0,0.0,0.0,0.0,0.0,0.0,0.0,0.0,0.0,0.0,0.0,0.0,0.0,0.0
"1060-W-Hollywood-Ave,-Apt-501,-Chicago,-IL-60660",8499.0,2826.0,5673.0,0.0,0.0,0.0,0.0,0.0,0.0,0.0,0.0,0.0,0.0,0.0,0.0,0.0,0.0,6122.0,1628.0,4494.0,0.0,0.0,0.0,0.0,0.0,0.0,0.0,0.0
"6057-Magellan-Rd,-Jacksonville,-FL-32222",145250.0,0.0,0.0,149421.0,0.0,0.0,145069.0,0.0,0.0,0.0,0.0,0.0,0.0,0.0,0.0,0.0,0.0,0.0,0.0,0.0,0.0,0.0,0.0,0.0,0.0,0.0,0.0,0.0
"975-Pine-Ridge-Dr,-Plantation,-FL-33317",93990.0,0.0,0.0,0.0,0.0,0.0,96800.0,0.0,0.0,0.0,0.0,0.0,0.0,0.0,0.0,0.0,0.0,0.0,0.0,0.0,0.0,0.0,0.0,0.0,0.0,0.0,0.0,0.0
"14612-S-St,-Omaha,-NE-68137",0.0,0.0,0.0,0.0,0.0,0.0,0.0,0.0,0.0,0.0,0.0,0.0,0.0,0.0,0.0,0.0,0.0,0.0,0.0,0.0,0.0,0.0,0.0,0.0,0.0,0.0,0.0,0.0
"1102-E-Hickory-St,-Denton,-TX-76205",0.0,0.0,0.0,0.0,0.0,0.0,0.0,0.0,0.0,0.0,0.0,0.0,0.0,0.0,0.0,0.0,0.0,0.0,0.0,0.0,0.0,0.0,0.0,0.0,0.0,0.0,0.0,0.0
"8944-Candice-Lee-Ct,-Las-Vegas,-NV-89149",81796.0,21000.0,60796.0,98380.0,28000.0,70380.0,0.0,0.0,0.0,81050.0,21000.0,60050.0,0.0,0.0,0.0,0.0,0.0,0.0,0.0,0.0,0.0,0.0,0.0,0.0,0.0,0.0,0.0,0.0
"2335-Avellino-Ave,-Saint-Cloud,-FL-34771",0.0,0.0,0.0,0.0,0.0,0.0,217539.0,0.0,0.0,0.0,0.0,0.0,0.0,0.0,0.0,0.0,0.0,0.0,0.0,0.0,0.0,0.0,0.0,0.0,0.0,0.0,0.0,0.0
"711-Penny-Ln,-Trussville,-AL-35173",0.0,0.0,0.0,0.0,0.0,0.0,14160.0,0.0,14160.0,0.0,0.0,0.0,0.0,0.0,0.0,0.0,0.0,0.0,0.0,0.0,0.0,0.0,0.0,0.0,0.0,0.0,0.0,0.0
"1179-Abernathy-Rd,-Ashland-City,-TN-37015",0.0,0.0,0.0,0.0,0.0,0.0,0.0,0.0,0.0,41500.0,3850.0,37650.0,41500.0,3850.0,0.0,0.0,0.0,0.0,0.0,0.0,37650.0,0.0,0.0,0.0,0.0,0.0,0.0,0.0
"4855-Orleans-Ln-N,-Minneapolis,-MN-55442",0.0,0.0,0.0,0.0,0.0,0.0,0.0,0.0,0.0,314000.0,107000.0,207000.0,0.0,0.0,0.0,0.0,0.0,0.0,0.0,0.0,0.0,0.0,0.0,0.0,0.0,0.0,0.0,0.0
"212-Anderson-St,-Piedmont,-SC-29673",0.0,0.0,0.0,0.0,0.0,0.0,0.0,0.0,0.0,0.0,0.0,0.0,0.0,0.0,0.0,0.0,0.0,0.0,0.0,0.0,0.0,0.0,0.0,0.0,0.0,0.0,0.0,0.0
"3117-Brentwood-Dr,-Grand-Island,-NE-68801",0.0,0.0,0.0,279228.0,23796.0,255432.0,0.0,0.0,0.0,0.0,0.0,0.0,0.0,0.0,0.0,0.0,0.0,0.0,0.0,0.0,0.0,0.0,0.0,0.0,0.0,0.0,0.0,0.0
"2623-S-Andrews-Ln,-San-Bernardino,-CA-92408",0.0,0.0,0.0,403928.0,121747.0,282181.0,396008.0,119360.0,276648.0,0.0,0.0,0.0,376728.0,113549.0,0.0,0.0,0.0,0.0,0.0,0.0,263179.0,0.0,0.0,0.0,0.0,0.0,0.0,0.0
"715-S-Alton-Way,-Unit-7C,-Denver,-CO-80247",0.0,0.0,0.0,0.0,0.0,0.0,0.0,0.0,0.0,10910.0,1320.0,9590.0,0.0,0.0,0.0,0.0,0.0,0.0,0.0,0.0,0.0,0.0,0.0,0.0,0.0,0.0,0.0,0.0
"PO-Box-3387,-Conway,-SC-29528",0.0,0.0,0.0,0.0,0.0,0.0,0.0,0.0,0.0,0.0,0.0,0.0,0.0,0.0,0.0,0.0,0.0,0.0,0.0,0.0,0.0,0.0,0.0,0.0,0.0,0.0,0.0,0.0
"9782-S-182nd-Dr,-Goodyear,-AZ-85338",0.0,0.0,0.0,47450.0,9490.0,37960.0,0.0,0.0,0.0,0.0,0.0,0.0,0.0,0.0,0.0,0.0,0.0,0.0,0.0,0.0,0.0,0.0,0.0,0.0,0.0,0.0,0.0,0.0
"15-Clematis-Ave,-Waterbury,-CT-06708",82950.0,22400.0,60550.0,0.0,0.0,0.0,0.0,0.0,0.0,0.0,0.0,0.0,0.0,0.0,0.0,0.0,0.0,0.0,0.0,0.0,0.0,0.0,0.0,0.0,0.0,0.0,0.0,0.0
"7336-E-Norwood-St,-Mesa,-AZ-85207",31250.0,6250.0,25000.0,43920.0,8780.0,35140.0,33350.0,6670.0,26680.0,0.0,0.0,0.0,0.0,0.0,0.0,0.0,0.0,0.0,0.0,0.0,0.0,0.0,0.0,0.0,0.0,0.0,0.0,0.0
"840-Sacramento-Ave,-Apt-340,-West-Sacramento,-CA-95605",0.0,0.0,0.0,0.0,0.0,0.0,0.0,0.0,0.0,0.0,0.0,0.0,0.0,0.0,0.0,0.0,0.0,0.0,0.0,0.0,0.0,0.0,0.0,0.0,0.0,0.0,0.0,0.0
"34-Ashley-Ave,-Charleston,-SC-29401",0.0,0.0,0.0,0.0,0.0,0.0,66600.0,0.0,0.0,0.0,0.0,0.0,0.0,0.0,0.0,0.0,0.0,0.0,0.0,0.0,0.0,38000.0,0.0,0.0,0.0,0.0,0.0,0.0
"613-Jumbuck-Ln,-Bakersfield,-CA-93307",0.0,0.0,0.0,0.0,0.0,0.0,0.0,0.0,0.0,0.0,0.0,0.0,0.0,0.0,0.0,0.0,0.0,0.0,0.0,0.0,0.0,0.0,0.0,0.0,0.0,0.0,0.0,0.0
"122-Mckeel-Ave,-Tarrytown,-NY-10591",732900.0,281900.0,451000.0,0.0,0.0,0.0,0.0,0.0,0.0,0.0,0.0,0.0,0.0,0.0,0.0,0.0,0.0,0.0,0.0,0.0,0.0,0.0,0.0,0.0,0.0,0.0,0.0,0.0
"7920-Seville-Pl,-Apt-1904,-Boca-Raton,-FL-33433",0.0,0.0,0.0,143289.0,0.0,0.0,0.0,0.0,0.0,0.0,0.0,0.0,130204.0,0.0,0.0,0.0,0.0,0.0,0.0,0.0,0.0,0.0,0.0,0.0,0.0,0.0,0.0,0.0
"134-Partridge-Cir,-Carlisle,-PA-17013",0.0,0.0,0.0,0.0,0.0,0.0,154200.0,33400.0,120800.0,0.0,0.0,0.0,0.0,0.0,0.0,0.0,0.0,0.0,0.0,0.0,0.0,0.0,0.0,0.0,0.0,0.0,0.0,0.0
"3958-N-Albina-Ave,-Portland,-OR-97227",0.0,0.0,0.0,0.0,0.0,0.0,0.0,0.0,0.0,0.0,0.0,0.0,0.0,0.0,0.0,0.0,0.0,0.0,0.0,0.0,0.0,0.0,0.0,0.0,0.0,0.0,0.0,0.0
"1901-S-Henry-Ln,-Gilbert,-AZ-85295",0.0,0.0,0.0,42910.0,8580.0,34330.0,0.0,0.0,0.0,0.0,0.0,0.0,0.0,0.0,0.0,0.0,0.0,0.0,0.0,0.0,0.0,0.0,0.0,0.0,0.0,0.0,0.0,0.0
"1337-Banks-St,-Houston,-TX-77006",0.0,0.0,0.0,0.0,0.0,0.0,0.0,0.0,0.0,0.0,0.0,0.0,0.0,0.0,0.0,0.0,0.0,0.0,0.0,0.0,0.0,0.0,309800.0,252500.0,57300.0,0.0,0.0,0.0
"2120-Dogwood-Dr,-Sevierville,-TN-37876",79375.0,4250.0,75125.0,0.0,0.0,0.0,79375.0,4250.0,75125.0,0.0,0.0,0.0,0.0,0.0,0.0,0.0,0.0,0.0,0.0,0.0,0.0,0.0,0.0,0.0,0.0,0.0,0.0,0.0
"1602-Yeomans-Path,-Lakeland,-FL-33809",203256.0,32000.0,171256.0,0.0,0.0,0.0,260582.0,35000.0,225582.0,0.0,0.0,0.0,0.0,0.0,0.0,0.0,0.0,0.0,0.0,0.0,0.0,0.0,0.0,0.0,0.0,0.0,0.0,0.0
"3410-E-Janice-St,-Long-Beach,-CA-90805",0.0,0.0,0.0,217637.0,129462.0,88175.0,213371.0,126924.0,86447.0,0.0,0.0,0.0,0.0,0.0,0.0,0.0,0.0,0.0,0.0,0.0,0.0,0.0,0.0,0.0,0.0,0.0,0.0,0.0
"34-Prospect-St,-Roosevelt,-NY-11575",0.0,0.0,0.0,0.0,0.0,0.0,0.0,0.0,0.0,0.0,0.0,0.0,0.0,0.0,0.0,0.0,0.0,0.0,0.0,0.0,0.0,0.0,0.0,0.0,0.0,0.0,0.0,0.0
"5071-Elrose-Ave,-San-Jose,-CA-95124",0.0,0.0,0.0,0.0,0.0,0.0,1396417.0,1117134.0,279283.0,0.0,0.0,0.0,0.0,0.0,0.0,0.0,0.0,0.0,0.0,0.0,0.0,0.0,0.0,0.0,0.0,0.0,0.0,0.0
"25306-Saddlebrook-Ranch-Dr,-Tomball,-TX-77375",0.0,0.0,0.0,272439.0,52245.0,220194.0,245624.0,52245.0,193379.0,0.0,0.0,0.0,0.0,0.0,0.0,0.0,0.0,0.0,0.0,0.0,0.0,0.0,0.0,0.0,0.0,0.0,0.0,0.0
"14680-Nw-66th-Ter,-Kansas-City,-MO-64152",0.0,0.0,0.0,0.0,0.0,0.0,60114.0,16858.0,43256.0,0.0,0.0,0.0,0.0,0.0,0.0,0.0,0.0,0.0,0.0,0.0,0.0,0.0,0.0,0.0,0.0,0.0,0.0,0.0
"202-Petunia-Dr,-Griffin,-GA-30223",134296.0,24000.0,110296.0,0.0,0.0,0.0,0.0,0.0,0.0,0.0,0.0,0.0,0.0,0.0,0.0,0.0,0.0,0.0,0.0,0.0,0.0,0.0,0.0,0.0,0.0,0.0,0.0,0.0
"8510-West-St,-Houston,-TX-77093",0.0,0.0,0.0,277049.0,35325.0,241724.0,0.0,0.0,0.0,0.0,0.0,0.0,0.0,0.0,0.0,0.0,0.0,0.0,0.0,0.0,0.0,0.0,0.0,0.0,0.0,0.0,0.0,0.0
"8085-Caminito-De-Pizza,-Unit-L,-San-Diego,-CA-92108",348574.0,197307.0,151267.0,362655.0,205278.0,157377.0,355545.0,201253.0,154292.0,0.0,0.0,0.0,281219.0,159181.0,0.0,0.0,0.0,0.0,0.0,0.0,122038.0,0.0,0.0,0.0,0.0,0.0,0.0,0.0
"1109-Dennison-St,-Little-Rock,-AR-72202",18280.0,700.0,17580.0,17877.0,800.0,17077.0,17877.0,800.0,17077.0,18280.0,700.0,17580.0,18280.0,700.0,0.0,0.0,0.0,0.0,0.0,0.0,17580.0,0.0,0.0,0.0,0.0,0.0,0.0,0.0
"17319-Acorn-Rdg,-Eden-Prairie,-MN-55347",0.0,0.0,0.0,0.0,0.0,0.0,803700.0,250100.0,553600.0,0.0,0.0,0.0,0.0,0.0,0.0,0.0,0.0,0.0,0.0,0.0,0.0,0.0,0.0,0.0,0.0,0.0,0.0,0.0
"625-Prendergast-Ave,-Apt-3,-Jamestown,-NY-14701",0.0,0.0,0.0,0.0,0.0,0.0,0.0,0.0,0.0,0.0,0.0,0.0,0.0,0.0,0.0,0.0,0.0,0.0,0.0,0.0,0.0,0.0,0.0,0.0,0.0,0.0,0.0,0.0
"475-N-Highland-St,-Apt-3F,-Memphis,-TN-38122",0.0,0.0,0.0,0.0,0.0,0.0,0.0,0.0,0.0,0.0,0.0,0.0,0.0,0.0,0.0,0.0,0.0,0.0,0.0,0.0,0.0,0.0,0.0,0.0,0.0,0.0,0.0,0.0
"1560-Central-Ave,-Unit-440,-Saint-Petersburg,-FL-33705",0.0,0.0,0.0,0.0,0.0,0.0,0.0,0.0,0.0,0.0,0.0,0.0,0.0,0.0,0.0,0.0,0.0,0.0,0.0,0.0,0.0,0.0,0.0,0.0,0.0,0.0,0.0,0.0
"7020-Henry-Quincy-Way,-Charlotte,-NC-28277",407000.0,90000.0,317000.0,0.0,0.0,0.0,407000.0,90000.0,317000.0,0.0,0.0,0.0,0.0,0.0,0.0,0.0,0.0,0.0,0.0,0.0,0.0,0.0,0.0,0.0,0.0,0.0,0.0,0.0
"61023-Amethyst-St,-Bend,-OR-97702",0.0,0.0,0.0,0.0,0.0,0.0,256550.0,0.0,0.0,0.0,0.0,0.0,0.0,0.0,0.0,0.0,0.0,0.0,0.0,0.0,0.0,0.0,0.0,0.0,0.0,0.0,0.0,0.0
"6704-Nantucket-Ln,-Arlington,-TX-76001",0.0,0.0,0.0,479631.0,80000.0,399631.0,421717.0,80000.0,341717.0,0.0,0.0,0.0,0.0,0.0,0.0,0.0,0.0,0.0,0.0,0.0,0.0,0.0,0.0,0.0,0.0,0.0,0.0,0.0
"273-Jaimes-Ln,-Atoka,-TN-38004",0.0,0.0,0.0,0.0,0.0,0.0,60200.0,6600.0,53600.0,0.0,0.0,0.0,0.0,0.0,0.0,0.0,0.0,0.0,0.0,0.0,0.0,0.0,0.0,0.0,0.0,0.0,0.0,0.0
"134-Palarm-Creek-Rd,-Conway,-AR-72032",0.0,0.0,0.0,0.0,0.0,0.0,0.0,0.0,0.0,3150.0,3000.0,150.0,0.0,0.0,0.0,0.0,0.0,0.0,0.0,0.0,0.0,0.0,0.0,0.0,0.0,0.0,0.0,0.0
"3482-Big-Sur-Dr,-Las-Vegas,-NV-89122",0.0,0.0,0.0,28021.0,17500.0,10521.0,22778.0,12950.0,9828.0,0.0,0.0,0.0,0.0,0.0,0.0,0.0,0.0,0.0,0.0,0.0,0.0,0.0,0.0,0.0,0.0,0.0,0.0,0.0
"2432-S-15th-Ave,-Broadview,-IL-60155",25285.0,2680.0,22605.0,0.0,0.0,0.0,0.0,0.0,0.0,0.0,0.0,0.0,0.0,0.0,0.0,0.0,0.0,17484.0,2512.0,14972.0,0.0,0.0,0.0,0.0,0.0,0.0,0.0,0.0
"631-W-Greenfield-St,-Elkhorn,-WI-53121",0.0,0.0,0.0,0.0,0.0,0.0,0.0,0.0,0.0,0.0,0.0,0.0,0.0,0.0,0.0,0.0,0.0,0.0,0.0,0.0,0.0,0.0,0.0,0.0,0.0,0.0,0.0,0.0
"1300-Se-1st-St,-Apt-5,-Fort-Lauderdale,-FL-33301",0.0,0.0,0.0,0.0,0.0,0.0,0.0,0.0,0.0,0.0,0.0,0.0,0.0,0.0,0.0,0.0,0.0,0.0,0.0,0.0,0.0,0.0,0.0,0.0,0.0,0.0,0.0,0.0
"1500-Hamilton-St,-Apt-736,-Philadelphia,-PA-19130",0.0,0.0,0.0,0.0,0.0,0.0,0.0,0.0,0.0,0.0,0.0,0.0,0.0,0.0,0.0,0.0,0.0,0.0,0.0,0.0,0.0,0.0,0.0,0.0,0.0,0.0,0.0,0.0
"9220-Bradford-Forest-Dr,-Harrisburg,-NC-28075",0.0,0.0,0.0,0.0,0.0,0.0,598600.0,97750.0,500850.0,0.0,0.0,0.0,0.0,0.0,0.0,0.0,0.0,0.0,0.0,0.0,0.0,0.0,0.0,0.0,0.0,0.0,0.0,0.0
"565-Sparks-Blvd,-Apt-BF618,-Sparks,-NV-89434",0.0,0.0,0.0,0.0,0.0,0.0,0.0,0.0,0.0,0.0,0.0,0.0,0.0,0.0,0.0,0.0,0.0,0.0,0.0,0.0,0.0,0.0,0.0,0.0,0.0,0.0,0.0,0.0
"626-Apple-Orchard-Cir,-Berkeley-Springs,-WV-25411",0.0,0.0,0.0,0.0,0.0,0.0,0.0,0.0,0.0,0.0,0.0,0.0,0.0,0.0,0.0,0.0,0.0,0.0,0.0,0.0,0.0,0.0,0.0,0.0,0.0,0.0,0.0,0.0
"10462-E-Olla-Ave,-Mesa,-AZ-85212",23970.0,4790.0,19180.0,34150.0,6830.0,27320.0,0.0,0.0,0.0,0.0,0.0,0.0,0.0,0.0,0.0,0.0,0.0,0.0,0.0,0.0,0.0,0.0,0.0,0.0,0.0,0.0,0.0,0.0
"16151-Silverleaf-Dr,-San-Lorenzo,-CA-94580",0.0,0.0,0.0,452710.0,135813.0,316897.0,443834.0,133150.0,310684.0,0.0,0.0,0.0,0.0,0.0,0.0,0.0,0.0,0.0,0.0,0.0,0.0,0.0,0.0,0.0,0.0,0.0,0.0,0.0
"5408-Brooks-St,-Rio-Grande-City,-TX-78582",0.0,0.0,0.0,0.0,0.0,0.0,0.0,0.0,0.0,0.0,0.0,0.0,0.0,0.0,0.0,0.0,0.0,0.0,0.0,0.0,0.0,0.0,0.0,0.0,0.0,0.0,0.0,0.0
"2109-Elfen-Gln,-Van-Buren,-AR-72956",0.0,0.0,0.0,0.0,0.0,0.0,0.0,0.0,0.0,0.0,0.0,0.0,0.0,0.0,0.0,0.0,0.0,0.0,0.0,0.0,0.0,0.0,0.0,0.0,0.0,0.0,0.0,0.0
"586-W-Mount-Maria-Rd,-Spruce,-MI-48762",0.0,0.0,0.0,0.0,0.0,0.0,48500.0,0.0,0.0,0.0,0.0,0.0,0.0,0.0,0.0,0.0,0.0,0.0,0.0,0.0,0.0,0.0,0.0,0.0,0.0,0.0,0.0,0.0
"105-S-12th-St,-Apt-C6,-Murray,-KY-42071",0.0,0.0,0.0,0.0,0.0,0.0,0.0,0.0,0.0,0.0,0.0,0.0,0.0,0.0,0.0,0.0,0.0,0.0,0.0,0.0,0.0,0.0,0.0,0.0,0.0,0.0,0.0,0.0
"7463-S-Via-Rancho-Ln,-Costa,-Tucson,-AZ-85756",0.0,0.0,0.0,27969.0,0.0,0.0,0.0,0.0,0.0,0.0,0.0,0.0,0.0,0.0,32870.0,0.0,0.0,0.0,0.0,0.0,0.0,0.0,0.0,0.0,0.0,0.0,0.0,0.0
"324-Saint-Francis-Way,-Knoxville,-TN-37919",0.0,0.0,0.0,0.0,0.0,0.0,0.0,0.0,0.0,0.0,0.0,0.0,0.0,0.0,0.0,0.0,0.0,0.0,0.0,0.0,0.0,0.0,0.0,0.0,0.0,0.0,0.0,0.0
"2391-Sample-Ave,-Clovis,-CA-93611",0.0,0.0,0.0,0.0,0.0,0.0,0.0,0.0,0.0,0.0,0.0,0.0,0.0,0.0,0.0,0.0,0.0,0.0,0.0,0.0,0.0,0.0,0.0,0.0,0.0,0.0,0.0,0.0
"102-Long-St,-Morganton,-NC-28655",0.0,0.0,0.0,102503.0,13488.0,89015.0,85288.0,11431.0,73857.0,0.0,0.0,0.0,0.0,0.0,0.0,0.0,0.0,0.0,0.0,0.0,0.0,0.0,0.0,0.0,0.0,0.0,0.0,0.0
"39670-Highview-Dr,-Oakhurst,-CA-93644",0.0,0.0,0.0,0.0,0.0,0.0,0.0,0.0,0.0,0.0,0.0,0.0,0.0,0.0,0.0,0.0,0.0,0.0,0.0,0.0,0.0,0.0,0.0,0.0,0.0,0.0,0.0,0.0
"505-Forest-St,-Martinsville,-VA-24112",30000.0,6000.0,24000.0,0.0,0.0,0.0,0.0,0.0,0.0,0.0,0.0,0.0,0.0,0.0,0.0,0.0,0.0,0.0,0.0,0.0,0.0,0.0,0.0,0.0,0.0,0.0,0.0,0.0
"1111-Chamboard-Ln,-Houston,-TX-77018",0.0,0.0,0.0,468010.0,287150.0,180860.0,466098.0,287150.0,178948.0,405277.0,239292.0,165985.0,0.0,0.0,0.0,0.0,0.0,0.0,0.0,0.0,0.0,0.0,0.0,0.0,0.0,0.0,0.0,0.0
"13645-E-Colonial-Dr,-Apt-168,-Orlando,-FL-32826",0.0,0.0,0.0,0.0,0.0,0.0,0.0,0.0,0.0,0.0,0.0,0.0,0.0,0.0,0.0,0.0,0.0,0.0,0.0,0.0,0.0,0.0,0.0,0.0,0.0,0.0,0.0,0.0
"2449-E-Club-Dr-NE,-Apt-114,-Brookhaven,-GA-30319",0.0,0.0,0.0,0.0,0.0,0.0,0.0,0.0,0.0,0.0,0.0,0.0,0.0,0.0,0.0,0.0,0.0,0.0,0.0,0.0,0.0,0.0,0.0,0.0,0.0,0.0,0.0,0.0
"2701-Hillsboro-Ave-N,-Apt-309,-Minneapolis,-MN-55427",0.0,0.0,0.0,0.0,0.0,0.0,0.0,0.0,0.0,0.0,0.0,0.0,0.0,0.0,0.0,0.0,0.0,0.0,0.0,0.0,0.0,0.0,0.0,0.0,0.0,0.0,0.0,0.0
"290-Hanover-Rd,-York,-PA-17408",111720.0,31490.0,80230.0,0.0,0.0,0.0,0.0,0.0,0.0,0.0,0.0,0.0,0.0,0.0,0.0,0.0,0.0,0.0,0.0,0.0,0.0,0.0,0.0,0.0,0.0,0.0,0.0,0.0
"6034-S-12th-Pl,-Phoenix,-AZ-85042",13830.0,2760.0,11070.0,20800.0,4160.0,16640.0,0.0,0.0,0.0,0.0,0.0,0.0,0.0,0.0,0.0,0.0,0.0,0.0,0.0,0.0,0.0,0.0,0.0,0.0,0.0,0.0,0.0,0.0
"1217-Bellaire-Dr-NE,-Brookhaven,-GA-30319",0.0,0.0,0.0,368960.0,220000.0,148960.0,301240.0,220000.0,81240.0,0.0,0.0,0.0,307080.0,220000.0,0.0,0.0,0.0,0.0,0.0,0.0,87080.0,0.0,0.0,0.0,0.0,0.0,0.0,0.0
"610-E-North-St,-Apt-7,-Greenville,-SC-29601",0.0,0.0,0.0,0.0,0.0,0.0,0.0,0.0,0.0,0.0,0.0,0.0,0.0,0.0,0.0,0.0,0.0,0.0,0.0,0.0,0.0,0.0,0.0,0.0,0.0,0.0,0.0,0.0
"96-Franklin-Square-Dr,-Apt-107,-Munford,-TN-38058",0.0,0.0,0.0,0.0,0.0,0.0,0.0,0.0,0.0,0.0,0.0,0.0,0.0,0.0,0.0,0.0,0.0,0.0,0.0,0.0,0.0,0.0,0.0,0.0,0.0,0.0,0.0,0.0
"509-Wentworth-Ave,-Battle-Creek,-MI-49015",0.0,0.0,0.0,34979.0,0.0,0.0,0.0,0.0,0.0,0.0,0.0,0.0,26447.0,0.0,0.0,0.0,0.0,0.0,0.0,0.0,0.0,0.0,0.0,0.0,0.0,0.0,0.0,0.0
"4140-Sw-53rd-Ave,-Portland,-OR-97221",476700.0,0.0,0.0,0.0,0.0,0.0,0.0,0.0,0.0,0.0,0.0,0.0,0.0,0.0,0.0,0.0,0.0,0.0,0.0,0.0,0.0,0.0,0.0,0.0,0.0,0.0,0.0,0.0
"1100-16th-St,-Clarkston,-WA-99403",0.0,0.0,0.0,0.0,0.0,0.0,0.0,0.0,0.0,0.0,0.0,0.0,0.0,0.0,0.0,0.0,0.0,0.0,0.0,0.0,0.0,0.0,0.0,0.0,0.0,0.0,0.0,0.0
"327-Cedar-Ridge-Rd,-Randleman,-NC-27317",0.0,0.0,0.0,0.0,0.0,0.0,179200.0,40000.0,139200.0,0.0,0.0,0.0,0.0,0.0,0.0,0.0,0.0,0.0,0.0,0.0,0.0,0.0,0.0,0.0,0.0,0.0,0.0,0.0
"628A-7-1-2-St-SW,-Charlottesville,-VA-22903",0.0,0.0,0.0,0.0,0.0,0.0,0.0,0.0,0.0,0.0,0.0,0.0,0.0,0.0,0.0,0.0,0.0,0.0,0.0,0.0,0.0,0.0,0.0,0.0,0.0,0.0,0.0,0.0
"375-Meadow-Ln,-Mooresville,-NC-28115",0.0,0.0,0.0,0.0,0.0,0.0,0.0,0.0,0.0,0.0,0.0,0.0,0.0,0.0,0.0,0.0,0.0,22017.0,19125.0,2892.0,0.0,0.0,0.0,0.0,0.0,0.0,0.0,0.0
"4200-Veterans-Memorial-Blvd,-Metairie,-LA-70006",0.0,0.0,0.0,0.0,0.0,0.0,0.0,0.0,0.0,0.0,0.0,0.0,0.0,0.0,0.0,0.0,0.0,0.0,0.0,0.0,0.0,0.0,0.0,0.0,0.0,0.0,0.0,0.0
"17511-Ohio-Canal-Ct,-Humble,-TX-77346",342540.0,56297.0,286243.0,490657.0,56297.0,434360.0,0.0,0.0,0.0,0.0,0.0,0.0,0.0,0.0,0.0,0.0,0.0,0.0,0.0,0.0,0.0,0.0,0.0,0.0,0.0,0.0,0.0,0.0
"843-Wood-Ave,-Edison,-NJ-08820",0.0,0.0,0.0,0.0,0.0,0.0,141500.0,88600.0,52900.0,0.0,0.0,0.0,141500.0,88600.0,0.0,0.0,0.0,0.0,0.0,0.0,52900.0,0.0,0.0,0.0,0.0,0.0,0.0,0.0
"779-Briarcliff-Dr,-Orange-City,-FL-32763",0.0,0.0,0.0,0.0,0.0,0.0,132159.0,0.0,0.0,0.0,0.0,0.0,0.0,0.0,0.0,0.0,0.0,0.0,0.0,0.0,0.0,0.0,0.0,0.0,0.0,0.0,0.0,0.0
"3185-Dove-Ln,-Mulberry,-FL-33860",0.0,0.0,0.0,0.0,0.0,0.0,90270.0,0.0,0.0,0.0,0.0,0.0,0.0,0.0,0.0,0.0,0.0,0.0,0.0,0.0,0.0,0.0,0.0,0.0,0.0,0.0,0.0,0.0
"8745-Steelhead-Ct,-Reno,-NV-89523",0.0,0.0,0.0,129985.0,42945.0,87040.0,0.0,0.0,0.0,101261.0,29820.0,71441.0,0.0,0.0,0.0,0.0,0.0,0.0,0.0,0.0,0.0,0.0,0.0,0.0,0.0,0.0,0.0,0.0
"568-Past-St,-Palmetto,-GA-30268",0.0,0.0,0.0,0.0,0.0,0.0,0.0,0.0,0.0,0.0,0.0,0.0,0.0,0.0,0.0,0.0,0.0,0.0,0.0,0.0,0.0,0.0,0.0,0.0,0.0,0.0,0.0,0.0
"78-Tuscarora-Ave,-Beaufort,-SC-29907",0.0,0.0,0.0,0.0,0.0,0.0,0.0,0.0,0.0,0.0,0.0,0.0,0.0,0.0,0.0,0.0,0.0,0.0,0.0,0.0,0.0,0.0,0.0,0.0,0.0,0.0,0.0,0.0
"45-313-Namoku-St,-Kaneohe,-HI-96744",0.0,0.0,0.0,0.0,0.0,0.0,0.0,0.0,0.0,1037300.0,769000.0,268300.0,0.0,0.0,0.0,0.0,0.0,0.0,0.0,0.0,0.0,0.0,0.0,0.0,0.0,0.0,0.0,0.0
"461-Coopers-Way,-Centerton,-AR-72719",0.0,0.0,0.0,0.0,0.0,0.0,0.0,0.0,0.0,28500.0,4000.0,24500.0,0.0,0.0,0.0,0.0,0.0,0.0,0.0,0.0,0.0,0.0,0.0,0.0,0.0,0.0,0.0,0.0
"3733-Autumn-Ln,-Baytown,-TX-77521",0.0,0.0,0.0,0.0,0.0,0.0,277463.0,65307.0,212156.0,0.0,0.0,0.0,0.0,0.0,0.0,0.0,0.0,0.0,0.0,0.0,0.0,0.0,0.0,0.0,0.0,0.0,0.0,0.0
"15411-Blackwell-Dr,-Omaha,-NE-68137",0.0,0.0,0.0,0.0,0.0,0.0,211800.0,32000.0,179800.0,0.0,0.0,0.0,0.0,0.0,0.0,0.0,0.0,0.0,0.0,0.0,0.0,0.0,0.0,0.0,0.0,0.0,0.0,0.0
"515-W-Summit-Ave,-Coeur-D-Alene,-ID-83814",0.0,0.0,0.0,0.0,0.0,0.0,630259.0,340000.0,290259.0,0.0,0.0,0.0,288221.0,128271.0,0.0,0.0,0.0,0.0,0.0,0.0,159950.0,0.0,0.0,0.0,0.0,0.0,0.0,0.0
"15-S-Church-St,-Unit-4,-Spring-City,-PA-19475",0.0,0.0,0.0,0.0,0.0,0.0,0.0,0.0,0.0,0.0,0.0,0.0,0.0,0.0,0.0,0.0,0.0,0.0,0.0,0.0,0.0,0.0,0.0,0.0,0.0,0.0,0.0,0.0
"1406-Bliss-St,-Belvidere,-IL-61008",0.0,0.0,0.0,0.0,0.0,0.0,76500.0,6667.0,69833.0,0.0,0.0,0.0,63303.0,6667.0,0.0,0.0,0.0,0.0,0.0,0.0,56636.0,0.0,0.0,0.0,0.0,0.0,0.0,0.0
"2100-Winsted-Ln,-Apt-A,-Austin,-TX-78703",0.0,0.0,0.0,0.0,0.0,0.0,0.0,0.0,0.0,0.0,0.0,0.0,0.0,0.0,0.0,0.0,0.0,0.0,0.0,0.0,0.0,0.0,0.0,0.0,0.0,0.0,0.0,0.0
"201-08-116th-Ave,-Saint-Albans,-NY-11412",0.0,0.0,0.0,0.0,0.0,0.0,0.0,0.0,0.0,0.0,0.0,0.0,0.0,0.0,0.0,0.0,0.0,0.0,0.0,0.0,0.0,0.0,0.0,0.0,0.0,0.0,0.0,0.0
"901-44th-Ave-NE,-Saint-Petersburg,-FL-33703",0.0,0.0,0.0,0.0,0.0,0.0,313253.0,0.0,0.0,0.0,0.0,0.0,0.0,0.0,0.0,0.0,0.0,0.0,0.0,0.0,0.0,0.0,0.0,0.0,0.0,0.0,0.0,0.0
"6186-Zachary-Ave,-Springfield,-OH-45502",0.0,0.0,0.0,0.0,0.0,0.0,0.0,0.0,0.0,0.0,0.0,0.0,0.0,0.0,0.0,0.0,0.0,0.0,0.0,0.0,0.0,0.0,0.0,0.0,0.0,0.0,0.0,0.0
"91-1079-Kaupea-St,-Kapolei,-HI-96707",0.0,0.0,0.0,919100.0,542500.0,376600.0,789300.0,480500.0,308800.0,0.0,0.0,0.0,0.0,0.0,0.0,0.0,0.0,0.0,0.0,0.0,0.0,0.0,0.0,0.0,0.0,0.0,0.0,0.0
"460-W-Hintz-Rd,-Wheeling,-IL-60090",0.0,0.0,0.0,0.0,0.0,0.0,0.0,0.0,0.0,0.0,0.0,0.0,0.0,0.0,0.0,0.0,0.0,0.0,0.0,0.0,0.0,0.0,0.0,0.0,0.0,0.0,0.0,0.0
"5237-Magellan-Way-W,-Delray-Beach,-FL-33484",202739.0,0.0,202739.0,215086.0,0.0,0.0,208821.0,0.0,0.0,202739.0,0.0,202739.0,198869.0,0.0,0.0,0.0,0.0,0.0,0.0,0.0,198869.0,0.0,0.0,0.0,0.0,0.0,0.0,0.0
"1379-Land-Grove-Dr,-Kernersville,-NC-27284",0.0,0.0,0.0,0.0,0.0,0.0,242000.0,46000.0,196000.0,0.0,0.0,0.0,0.0,0.0,0.0,0.0,0.0,0.0,0.0,0.0,0.0,0.0,0.0,0.0,0.0,0.0,0.0,0.0
"8735-Crampton-Dr,-Powell,-OH-43065",100730.0,17850.0,82880.0,0.0,0.0,0.0,100730.0,17850.0,82880.0,0.0,0.0,0.0,0.0,0.0,0.0,0.0,0.0,0.0,0.0,0.0,0.0,0.0,0.0,0.0,0.0,0.0,0.0,0.0
"67-Lagoon-Rd,-Statesboro,-GA-30461",0.0,0.0,0.0,0.0,0.0,0.0,0.0,0.0,0.0,0.0,0.0,0.0,0.0,0.0,0.0,0.0,0.0,0.0,0.0,0.0,0.0,0.0,0.0,0.0,0.0,0.0,0.0,0.0
"25267-18th-St,-San-Bernardino,-CA-92404",0.0,0.0,0.0,0.0,0.0,0.0,0.0,0.0,0.0,118030.0,29507.0,88523.0,0.0,0.0,0.0,0.0,0.0,0.0,0.0,0.0,0.0,0.0,0.0,0.0,0.0,0.0,0.0,0.0
"Carthage-Rd,-West-End,-NC-27376",0.0,0.0,0.0,0.0,0.0,0.0,0.0,0.0,0.0,0.0,0.0,0.0,0.0,0.0,0.0,0.0,0.0,0.0,0.0,0.0,0.0,0.0,0.0,0.0,0.0,0.0,0.0,0.0
"5286-24th-St,-Detroit,-MI-48208",0.0,0.0,0.0,0.0,0.0,0.0,0.0,0.0,0.0,0.0,0.0,0.0,0.0,0.0,0.0,0.0,0.0,0.0,0.0,0.0,0.0,0.0,0.0,0.0,0.0,0.0,0.0,0.0
"2108-E-Woodstone-Dr,-Hayden,-ID-83835",0.0,0.0,0.0,0.0,0.0,0.0,0.0,0.0,0.0,0.0,0.0,0.0,713653.0,225000.0,0.0,0.0,0.0,0.0,0.0,0.0,488653.0,0.0,0.0,0.0,0.0,0.0,0.0,0.0
"1348-Yadkinville-Rd,-Mocksville,-NC-27028",0.0,0.0,0.0,0.0,0.0,0.0,0.0,0.0,0.0,0.0,0.0,0.0,0.0,0.0,0.0,0.0,0.0,0.0,0.0,0.0,0.0,0.0,0.0,0.0,0.0,0.0,0.0,0.0
"10243-Classic-Oak-Rd-N,-Jacksonville,-FL-32225",101642.0,0.0,0.0,0.0,0.0,0.0,104691.0,0.0,0.0,0.0,0.0,0.0,0.0,0.0,0.0,0.0,0.0,0.0,0.0,0.0,0.0,0.0,0.0,0.0,0.0,0.0,0.0,0.0
"1406-E-6th-Ave,-Brodhead,-WI-53520",0.0,0.0,0.0,0.0,0.0,0.0,0.0,0.0,0.0,0.0,0.0,0.0,0.0,0.0,0.0,0.0,0.0,0.0,0.0,0.0,0.0,0.0,0.0,0.0,0.0,0.0,0.0,0.0
"505-N-Maple-St,-Searcy,-AR-72143",0.0,0.0,0.0,0.0,0.0,0.0,0.0,0.0,0.0,0.0,0.0,0.0,0.0,0.0,0.0,0.0,0.0,0.0,0.0,0.0,0.0,0.0,0.0,0.0,0.0,0.0,0.0,0.0
"602-4th-St-S,-Northwood,-IA-50459",0.0,0.0,0.0,0.0,0.0,0.0,0.0,0.0,0.0,0.0,0.0,0.0,0.0,0.0,0.0,0.0,0.0,0.0,0.0,0.0,0.0,0.0,0.0,0.0,0.0,0.0,0.0,0.0
"30264-Lands-End-Pl,-Canyon-Lake,-CA-92587",0.0,0.0,0.0,0.0,0.0,0.0,0.0,0.0,0.0,0.0,0.0,0.0,842724.0,312120.0,0.0,0.0,0.0,0.0,0.0,0.0,530604.0,0.0,0.0,0.0,0.0,0.0,0.0,0.0
"7992-N-Indian-Rd-E,-Dry-Fork,-UT-84078",0.0,0.0,0.0,0.0,0.0,0.0,0.0,0.0,0.0,0.0,0.0,0.0,0.0,0.0,0.0,0.0,0.0,0.0,0.0,0.0,0.0,0.0,0.0,0.0,0.0,0.0,0.0,0.0
"7142-S-Maplewood-Ave,-Chicago,-IL-60629",14000.0,3024.0,10976.0,0.0,0.0,0.0,0.0,0.0,0.0,0.0,0.0,0.0,10645.0,3024.0,0.0,0.0,0.0,10645.0,3024.0,7621.0,7621.0,0.0,0.0,0.0,0.0,0.0,0.0,0.0
"2727-W-43rd-St,-Apt-410,-Minneapolis,-MN-55410",0.0,0.0,0.0,0.0,0.0,0.0,0.0,0.0,0.0,0.0,0.0,0.0,10000.0,2700.0,0.0,0.0,0.0,0.0,0.0,0.0,7300.0,0.0,0.0,0.0,0.0,0.0,0.0,0.0
"704-Walnut-Ridge-Ests,-Pottstown,-PA-19464",0.0,0.0,0.0,0.0,0.0,0.0,0.0,0.0,0.0,0.0,0.0,0.0,0.0,0.0,0.0,0.0,0.0,0.0,0.0,0.0,0.0,0.0,0.0,0.0,0.0,0.0,0.0,0.0
"11839-Loma-Dr,-Apt-8,-Whittier,-CA-90604",0.0,0.0,0.0,0.0,0.0,0.0,0.0,0.0,0.0,0.0,0.0,0.0,0.0,0.0,0.0,0.0,0.0,0.0,0.0,0.0,0.0,0.0,0.0,0.0,0.0,0.0,0.0,0.0
"3327-Las-Vegas-Blvd-S,-Ste-1560,-Las-Vegas,-NV-89109",0.0,0.0,0.0,0.0,0.0,0.0,0.0,0.0,0.0,0.0,0.0,0.0,0.0,0.0,0.0,0.0,0.0,0.0,0.0,0.0,0.0,0.0,0.0,0.0,0.0,0.0,0.0,0.0
"6033-W-Bethany-Home-Rd,-Apt-804,-Glendale,-AZ-85301",0.0,0.0,0.0,0.0,0.0,0.0,0.0,0.0,0.0,0.0,0.0,0.0,0.0,0.0,0.0,0.0,0.0,0.0,0.0,0.0,0.0,0.0,0.0,0.0,0.0,0.0,0.0,0.0
"11505-Pace-Bend-Ct,-Gibsonton,-FL-33534",223784.0,52078.0,171706.0,0.0,0.0,0.0,282531.0,72594.0,209937.0,0.0,0.0,0.0,0.0,0.0,0.0,0.0,0.0,0.0,0.0,0.0,0.0,0.0,0.0,0.0,0.0,0.0,0.0,0.0
"297-County-Hwy,-241,-Benton,-MO-63736",0.0,0.0,0.0,0.0,0.0,0.0,0.0,0.0,0.0,0.0,0.0,0.0,0.0,0.0,0.0,0.0,0.0,0.0,0.0,0.0,0.0,0.0,0.0,0.0,0.0,0.0,0.0,0.0
"824-Pecos-River-Dr,-Granbury,-TX-76048",0.0,0.0,0.0,0.0,0.0,0.0,37570.0,20000.0,17570.0,0.0,0.0,0.0,0.0,0.0,0.0,0.0,0.0,0.0,0.0,0.0,0.0,0.0,0.0,0.0,0.0,0.0,0.0,0.0
"202-Crossroads-Cir,-Montrose,-CO-81401",0.0,0.0,0.0,0.0,0.0,0.0,0.0,0.0,0.0,0.0,0.0,0.0,0.0,0.0,0.0,0.0,0.0,0.0,0.0,0.0,0.0,0.0,0.0,0.0,0.0,0.0,0.0,0.0
"2-W-Rawhide-Ave,-Gilbert,-AZ-85233",0.0,0.0,0.0,32250.0,6450.0,25800.0,0.0,0.0,0.0,0.0,0.0,0.0,0.0,0.0,0.0,0.0,0.0,0.0,0.0,0.0,0.0,0.0,0.0,0.0,0.0,0.0,0.0,0.0
"5103-Concordia-St,-Fairfax,-VA-22032",0.0,0.0,0.0,0.0,0.0,0.0,0.0,0.0,0.0,659580.0,232000.0,427580.0,0.0,0.0,0.0,0.0,0.0,0.0,0.0,0.0,0.0,0.0,0.0,0.0,0.0,0.0,0.0,0.0
"11211-Nw-7th-St,-Apt-2,-Miami,-FL-33172",0.0,0.0,0.0,0.0,0.0,0.0,0.0,0.0,0.0,0.0,0.0,0.0,0.0,0.0,0.0,0.0,0.0,0.0,0.0,0.0,0.0,0.0,0.0,0.0,0.0,0.0,0.0,0.0
"5606-Dalrymple-Rd,-Minneapolis,-MN-55424",702200.0,425000.0,277200.0,0.0,0.0,0.0,0.0,0.0,0.0,703400.0,425000.0,278400.0,0.0,0.0,0.0,0.0,0.0,0.0,0.0,0.0,0.0,0.0,0.0,0.0,0.0,0.0,0.0,0.0
"1544-S-53rd-St,-Philadelphia,-PA-19143",0.0,0.0,0.0,0.0,0.0,0.0,0.0,0.0,0.0,0.0,0.0,0.0,0.0,0.0,0.0,0.0,0.0,0.0,0.0,0.0,0.0,0.0,0.0,0.0,0.0,0.0,0.0,0.0
"300-Mercer-St,-Apt-30J,-New-York,-NY-10003",0.0,0.0,0.0,0.0,0.0,0.0,0.0,0.0,0.0,0.0,0.0,0.0,0.0,0.0,0.0,0.0,0.0,0.0,0.0,0.0,0.0,0.0,0.0,0.0,0.0,0.0,0.0,0.0
"627-Cory-St,-Bessemer,-AL-35020",0.0,0.0,0.0,14340.0,3062.0,11278.0,15070.0,3060.0,12010.0,0.0,0.0,0.0,0.0,0.0,0.0,0.0,0.0,0.0,0.0,0.0,0.0,0.0,0.0,0.0,0.0,0.0,0.0,0.0
"PO-Box-527,-Harrison,-NJ-07029",0.0,0.0,0.0,0.0,0.0,0.0,0.0,0.0,0.0,0.0,0.0,0.0,0.0,0.0,0.0,0.0,0.0,0.0,0.0,0.0,0.0,0.0,0.0,0.0,0.0,0.0,0.0,0.0
"12-Huntington-Ln,-Willingboro,-NJ-08046",0.0,0.0,0.0,0.0,0.0,0.0,0.0,0.0,0.0,183600.0,38300.0,145300.0,0.0,0.0,0.0,0.0,0.0,0.0,0.0,0.0,0.0,0.0,0.0,0.0,0.0,0.0,0.0,0.0
"10721-Emerald-Park-Ln,-Fort-Worth,-TX-76052",0.0,0.0,0.0,0.0,0.0,0.0,0.0,0.0,0.0,0.0,0.0,0.0,0.0,0.0,0.0,0.0,0.0,0.0,0.0,0.0,0.0,0.0,0.0,0.0,0.0,0.0,0.0,0.0
"315-May-Oak-Rd,-Columbia,-SC-29229",4150.0,0.0,0.0,0.0,0.0,0.0,0.0,0.0,0.0,4150.0,0.0,0.0,0.0,0.0,0.0,0.0,0.0,0.0,0.0,0.0,0.0,0.0,0.0,0.0,0.0,0.0,0.0,0.0
"2070-World-Parkway-Blvd,-Apt-20,-Clearwater,-FL-33763",0.0,0.0,0.0,0.0,0.0,0.0,0.0,0.0,0.0,121117.0,0.0,0.0,0.0,0.0,0.0,0.0,0.0,0.0,0.0,0.0,0.0,0.0,0.0,0.0,0.0,0.0,0.0,0.0
"105-S-Alarcon-St,-Unit-A,-Prescott,-AZ-86303",0.0,0.0,0.0,0.0,0.0,0.0,0.0,0.0,0.0,0.0,0.0,0.0,0.0,0.0,0.0,0.0,0.0,0.0,0.0,0.0,0.0,0.0,0.0,0.0,0.0,0.0,0.0,0.0
"1636-Hull-Ave,-Apt-202,-Des-Moines,-IA-50313",0.0,0.0,0.0,0.0,0.0,0.0,0.0,0.0,0.0,0.0,0.0,0.0,0.0,0.0,0.0,0.0,0.0,0.0,0.0,0.0,0.0,0.0,0.0,0.0,0.0,0.0,0.0,0.0
"2441-Carlmont-Dr,-Apt-306,-Belmont,-CA-94002",0.0,0.0,0.0,0.0,0.0,0.0,0.0,0.0,0.0,0.0,0.0,0.0,0.0,0.0,0.0,0.0,0.0,0.0,0.0,0.0,0.0,0.0,0.0,0.0,0.0,0.0,0.0,0.0
"11151-Trinity-River-Dr,-Rancho-Cordova,-CA-95670",0.0,0.0,0.0,473028.0,131396.0,341632.0,0.0,0.0,0.0,0.0,0.0,0.0,0.0,0.0,0.0,0.0,0.0,0.0,0.0,0.0,0.0,0.0,0.0,0.0,0.0,0.0,0.0,0.0
"1725-Tillstream-Dr,-Orlando,-FL-32818",84274.0,0.0,0.0,0.0,0.0,0.0,86802.0,0.0,0.0,0.0,0.0,0.0,0.0,0.0,0.0,0.0,0.0,0.0,0.0,0.0,0.0,0.0,0.0,0.0,0.0,0.0,0.0,0.0
"1241-5th-St,-Whitehall,-PA-18052",0.0,0.0,0.0,161700.0,33000.0,128700.0,0.0,0.0,0.0,0.0,0.0,0.0,0.0,0.0,0.0,0.0,0.0,0.0,0.0,0.0,0.0,0.0,0.0,0.0,0.0,0.0,0.0,0.0
"22271-E-Bellewood-Pl,-Aurora,-CO-80015",0.0,0.0,0.0,0.0,0.0,0.0,31088.0,0.0,0.0,0.0,0.0,0.0,29294.0,0.0,0.0,0.0,0.0,0.0,0.0,0.0,0.0,0.0,0.0,0.0,0.0,0.0,0.0,0.0
"14-Santa-Cruz-Dr,-Florissant,-MO-63031",0.0,0.0,0.0,0.0,0.0,0.0,18600.0,3860.0,14740.0,0.0,0.0,0.0,0.0,0.0,0.0,0.0,0.0,0.0,0.0,0.0,0.0,0.0,0.0,0.0,0.0,0.0,0.0,0.0
"1595-Mono-Ave,-San-Leandro,-CA-94578",0.0,0.0,0.0,0.0,0.0,0.0,0.0,0.0,0.0,0.0,0.0,0.0,496853.0,94215.0,0.0,0.0,0.0,0.0,0.0,0.0,402638.0,0.0,0.0,0.0,0.0,0.0,0.0,0.0
"1825-Oates-Dr,-Apt-722,-Mesquite,-TX-75150",0.0,0.0,0.0,0.0,0.0,0.0,0.0,0.0,0.0,0.0,0.0,0.0,0.0,0.0,0.0,0.0,0.0,0.0,0.0,0.0,0.0,0.0,0.0,0.0,0.0,0.0,0.0,0.0
"506-Hiawatha-Trl,-Georgetown,-KY-40324",157200.0,35000.0,122200.0,0.0,0.0,0.0,173900.0,35000.0,138900.0,146200.0,35000.0,111200.0,145000.0,0.0,0.0,0.0,0.0,0.0,0.0,0.0,0.0,0.0,0.0,0.0,0.0,0.0,0.0,0.0
"9136-Trail-Ct,-Jonesboro,-GA-30238",0.0,0.0,0.0,0.0,0.0,0.0,58480.0,7200.0,51280.0,0.0,0.0,0.0,33765.0,5600.0,0.0,0.0,0.0,0.0,0.0,0.0,28165.0,0.0,0.0,0.0,0.0,0.0,0.0,0.0
"101-E-10th-St,-Ste-4G,-New-York-City,-NY-10003",0.0,0.0,0.0,0.0,0.0,0.0,0.0,0.0,0.0,0.0,0.0,0.0,0.0,0.0,0.0,0.0,0.0,0.0,0.0,0.0,0.0,0.0,0.0,0.0,0.0,0.0,0.0,0.0
"2434-Covey-Ct,-Santa-Rosa,-CA-95403",0.0,0.0,0.0,0.0,0.0,0.0,565000.0,226000.0,339000.0,0.0,0.0,0.0,0.0,0.0,0.0,0.0,0.0,0.0,0.0,0.0,0.0,0.0,0.0,0.0,0.0,0.0,0.0,0.0
"3318-Saint-James-Pl,-Falls-Church,-VA-22042",0.0,0.0,0.0,0.0,0.0,0.0,518390.0,256000.0,262390.0,443090.0,216000.0,227090.0,0.0,0.0,0.0,0.0,0.0,0.0,0.0,0.0,0.0,0.0,0.0,0.0,0.0,0.0,0.0,0.0
"1627-Woodhaven-Ct,-Mundelein,-IL-60060",54248.0,10025.0,44223.0,0.0,0.0,0.0,58242.0,10387.0,47855.0,0.0,0.0,0.0,0.0,0.0,0.0,0.0,0.0,0.0,0.0,0.0,0.0,0.0,0.0,0.0,0.0,0.0,0.0,0.0
"18335-Sagebrush-Trl,-Desert-Hot-Springs,-CA-92241",0.0,0.0,0.0,0.0,0.0,0.0,0.0,0.0,0.0,0.0,0.0,0.0,66604.0,9986.0,0.0,0.0,0.0,0.0,0.0,0.0,56618.0,0.0,0.0,0.0,0.0,0.0,0.0,0.0
"PO-Box-2006,-Denham-Springs,-LA-70727",0.0,0.0,0.0,0.0,0.0,0.0,0.0,0.0,0.0,0.0,0.0,0.0,0.0,0.0,0.0,0.0,0.0,0.0,0.0,0.0,0.0,0.0,0.0,0.0,0.0,0.0,0.0,0.0
"9758-Old-Lincoln-Trl,-Fairview-Heights,-IL-62208",51494.0,6426.0,45068.0,0.0,0.0,0.0,0.0,0.0,0.0,0.0,0.0,0.0,48778.0,6087.0,0.0,0.0,0.0,0.0,0.0,0.0,42691.0,0.0,0.0,0.0,0.0,0.0,0.0,0.0
"2457-S-Palmetto-Ave,-Sanford,-FL-32771",0.0,0.0,0.0,0.0,0.0,0.0,233535.0,0.0,0.0,0.0,0.0,0.0,108935.0,0.0,0.0,0.0,0.0,0.0,0.0,0.0,0.0,0.0,0.0,0.0,0.0,0.0,0.0,0.0
"J5-The-Mdws,-Clifton,-NJ-07012",0.0,0.0,0.0,0.0,0.0,0.0,0.0,0.0,0.0,0.0,0.0,0.0,0.0,0.0,0.0,0.0,0.0,0.0,0.0,0.0,0.0,0.0,0.0,0.0,0.0,0.0,0.0,0.0
"65-Cambridge-Ave,-Jersey-City,-NJ-07307",0.0,0.0,0.0,0.0,0.0,0.0,0.0,0.0,0.0,802900.0,250000.0,552900.0,802900.0,250000.0,0.0,0.0,0.0,0.0,0.0,0.0,552900.0,0.0,0.0,0.0,0.0,0.0,0.0,0.0
"1491-Pompey-Dr,-San-Jose,-CA-95128",0.0,0.0,0.0,1419088.0,1156295.0,262793.0,0.0,0.0,0.0,1350000.0,1100000.0,250000.0,0.0,0.0,0.0,0.0,0.0,0.0,0.0,0.0,0.0,0.0,0.0,0.0,0.0,0.0,0.0,0.0
"257-Deerwood-Cir,-Unit-2-9,-Naples,-FL-34113",0.0,0.0,0.0,0.0,0.0,0.0,0.0,0.0,0.0,0.0,0.0,0.0,0.0,0.0,0.0,0.0,0.0,0.0,0.0,0.0,0.0,0.0,0.0,0.0,0.0,0.0,0.0,0.0
"933-West-Blvd,-Hartford,-CT-06105",0.0,0.0,0.0,0.0,0.0,0.0,0.0,0.0,0.0,0.0,0.0,0.0,0.0,0.0,0.0,0.0,0.0,0.0,0.0,0.0,0.0,0.0,0.0,0.0,0.0,0.0,0.0,0.0
"1500-Holly-Ln-NE,-Atlanta,-GA-30329",0.0,0.0,0.0,0.0,0.0,0.0,161480.0,68000.0,93480.0,0.0,0.0,0.0,0.0,0.0,0.0,0.0,0.0,0.0,0.0,0.0,0.0,0.0,0.0,0.0,0.0,0.0,0.0,0.0
"1019-Sw-39th-St,-San-Antonio,-TX-78237",0.0,0.0,0.0,208650.0,83120.0,125530.0,190000.0,63140.0,126860.0,0.0,0.0,0.0,0.0,0.0,0.0,0.0,0.0,0.0,0.0,0.0,0.0,0.0,0.0,0.0,0.0,0.0,0.0,0.0
"256-E-Gas-Ave,-York,-PA-17403",0.0,0.0,0.0,37420.0,7970.0,29450.0,10044.0,7970.0,2074.0,10044.0,7970.0,2074.0,0.0,0.0,0.0,0.0,0.0,0.0,0.0,0.0,0.0,0.0,0.0,0.0,0.0,0.0,0.0,0.0
"1806-N-Culberson-St,-Gainesville,-TX-76240",0.0,0.0,0.0,0.0,0.0,0.0,0.0,0.0,0.0,0.0,0.0,0.0,0.0,0.0,0.0,0.0,0.0,0.0,0.0,0.0,0.0,0.0,0.0,0.0,0.0,0.0,0.0,0.0
"2520-Sea-Robin-Rd,-Pensacola,-FL-32526",0.0,0.0,0.0,0.0,0.0,0.0,63106.0,0.0,0.0,60423.0,0.0,0.0,0.0,0.0,0.0,0.0,0.0,0.0,0.0,0.0,0.0,0.0,0.0,0.0,0.0,0.0,0.0,0.0
"Big-Woods-Rd,-Smyrna,-DE-19977",0.0,0.0,0.0,0.0,0.0,0.0,0.0,0.0,0.0,0.0,0.0,0.0,0.0,0.0,0.0,0.0,0.0,0.0,0.0,0.0,0.0,0.0,0.0,0.0,0.0,0.0,0.0,0.0
"106-Anita-Dr,-Egg-Harbor-Township,-NJ-08234",0.0,0.0,0.0,0.0,0.0,0.0,0.0,0.0,0.0,0.0,0.0,0.0,0.0,0.0,0.0,0.0,0.0,0.0,0.0,0.0,0.0,0.0,0.0,0.0,0.0,0.0,0.0,0.0
"231-S-Cherry-St,-Itasca,-IL-60143",0.0,0.0,0.0,0.0,0.0,0.0,109280.0,53350.0,55930.0,0.0,0.0,0.0,0.0,0.0,0.0,0.0,0.0,0.0,0.0,0.0,0.0,0.0,0.0,0.0,0.0,0.0,0.0,0.0
"1521-N-Elk-Grove-Ave,-Chicago,-IL-60622",0.0,0.0,0.0,0.0,0.0,0.0,0.0,0.0,0.0,0.0,0.0,0.0,78856.0,9896.0,0.0,0.0,0.0,78856.0,9896.0,68960.0,68960.0,0.0,0.0,0.0,0.0,0.0,0.0,0.0
"2613-N-Prospect-Ave,-Springfield,-MO-65803",0.0,0.0,0.0,0.0,0.0,0.0,0.0,0.0,0.0,0.0,0.0,0.0,0.0,0.0,0.0,0.0,0.0,0.0,0.0,0.0,0.0,0.0,0.0,0.0,0.0,0.0,0.0,0.0
"917-Katie-Cir,-Royersford,-PA-19468",0.0,0.0,0.0,108150.0,14320.0,93830.0,108150.0,14320.0,93830.0,0.0,0.0,0.0,0.0,0.0,0.0,0.0,0.0,0.0,0.0,0.0,0.0,0.0,0.0,0.0,0.0,0.0,0.0,0.0
"18055-Manning-Dr,-Prairieville,-LA-70769",0.0,0.0,0.0,0.0,0.0,0.0,0.0,0.0,0.0,19760.0,4300.0,15460.0,0.0,0.0,0.0,0.0,0.0,0.0,0.0,0.0,0.0,0.0,0.0,0.0,0.0,0.0,0.0,0.0
"20748-W-Grant-Mine-Rd,-Wittmann,-AZ-85361",0.0,0.0,0.0,6500.0,5420.0,1080.0,0.0,0.0,0.0,0.0,0.0,0.0,0.0,0.0,0.0,0.0,0.0,0.0,0.0,0.0,0.0,0.0,0.0,0.0,0.0,0.0,0.0,0.0
"5500-Broken-Sound-Blvd-NW,---2-1202,-Boca-Raton,-FL-33487",0.0,0.0,0.0,0.0,0.0,0.0,0.0,0.0,0.0,0.0,0.0,0.0,0.0,0.0,0.0,0.0,0.0,0.0,0.0,0.0,0.0,0.0,0.0,0.0,0.0,0.0,0.0,0.0
"10122-Harvest-Gold-Dr,-Charlotte,-NC-28215",0.0,0.0,0.0,457830.0,75000.0,382830.0,0.0,0.0,0.0,0.0,0.0,0.0,0.0,0.0,0.0,0.0,0.0,0.0,0.0,0.0,0.0,0.0,0.0,0.0,0.0,0.0,0.0,0.0
"117-Pinckney-Pl,-Aiken,-SC-29803",0.0,0.0,0.0,0.0,0.0,0.0,0.0,0.0,0.0,0.0,0.0,0.0,0.0,0.0,0.0,0.0,0.0,0.0,0.0,0.0,0.0,0.0,0.0,0.0,0.0,0.0,0.0,0.0
"16-Prospect-St,-Waterville,-ME-04901",0.0,0.0,0.0,0.0,0.0,0.0,95600.0,17200.0,78400.0,0.0,0.0,0.0,0.0,0.0,0.0,0.0,0.0,0.0,0.0,0.0,0.0,0.0,0.0,0.0,0.0,0.0,0.0,0.0
"14-Langdon-Ct,-Sicklerville,-NJ-08081",0.0,0.0,0.0,0.0,0.0,0.0,60500.0,21000.0,39500.0,0.0,0.0,0.0,60500.0,21000.0,0.0,0.0,0.0,0.0,0.0,0.0,39500.0,0.0,0.0,0.0,0.0,0.0,0.0,0.0
"4805-Hahns-Peak-Dr,-Unit-204,-Loveland,-CO-80538",18333.0,2288.0,16045.0,0.0,0.0,0.0,17820.0,2224.0,15596.0,0.0,0.0,0.0,0.0,0.0,0.0,0.0,0.0,0.0,0.0,0.0,0.0,0.0,0.0,0.0,0.0,0.0,0.0,0.0
"517-S-Moon-Rd,-Apache-Junction,-AZ-85119",0.0,0.0,0.0,0.0,0.0,0.0,0.0,0.0,0.0,0.0,0.0,0.0,0.0,0.0,75397.0,10285.0,65112.0,0.0,0.0,0.0,0.0,0.0,0.0,0.0,0.0,0.0,0.0,0.0
"4127-Sunnyside-Ave,-Baltimore,-MD-21215",0.0,0.0,0.0,0.0,0.0,0.0,0.0,0.0,0.0,0.0,0.0,0.0,0.0,0.0,0.0,0.0,0.0,0.0,0.0,0.0,0.0,0.0,0.0,0.0,0.0,0.0,0.0,0.0
"202-Southland-Dr,-Sanger,-TX-76266",0.0,0.0,0.0,172630.0,56808.0,115822.0,155940.0,56808.0,99132.0,0.0,0.0,0.0,0.0,0.0,0.0,0.0,0.0,0.0,0.0,0.0,0.0,0.0,0.0,0.0,0.0,0.0,0.0,0.0
"1938-Kingston-Rd,-Farmington,-UT-84025",0.0,0.0,0.0,0.0,0.0,0.0,350350.0,126091.0,224259.0,0.0,0.0,0.0,0.0,0.0,0.0,0.0,0.0,0.0,0.0,0.0,0.0,0.0,0.0,0.0,0.0,0.0,0.0,0.0
"277-Mark-Ave,-Glendale-Heights,-IL-60139",0.0,0.0,0.0,0.0,0.0,0.0,0.0,0.0,0.0,0.0,0.0,0.0,70030.0,18850.0,0.0,0.0,0.0,0.0,0.0,0.0,51180.0,0.0,0.0,0.0,0.0,0.0,0.0,0.0
"139-S-15th-Ave,-Maywood,-IL-60153",0.0,0.0,0.0,0.0,0.0,0.0,0.0,0.0,0.0,0.0,0.0,0.0,1330.0,1330.0,0.0,0.0,0.0,0.0,0.0,0.0,0.0,0.0,0.0,0.0,0.0,0.0,0.0,0.0
"3579-Warfield-Rd,-Graham,-NC-27253",0.0,0.0,0.0,0.0,0.0,0.0,0.0,0.0,0.0,0.0,0.0,0.0,0.0,0.0,0.0,0.0,0.0,0.0,0.0,0.0,0.0,0.0,0.0,0.0,0.0,0.0,0.0,0.0
"4261-Edelweiss-Dr,-Plainfield,-IN-46168",0.0,0.0,0.0,0.0,0.0,0.0,443800.0,68300.0,375500.0,0.0,0.0,0.0,0.0,0.0,0.0,0.0,0.0,0.0,0.0,0.0,0.0,0.0,0.0,0.0,0.0,0.0,0.0,0.0
"3951-Forestside-Dr,-Columbus,-GA-31907",0.0,0.0,0.0,0.0,0.0,0.0,0.0,0.0,0.0,16624.0,6316.0,10308.0,0.0,0.0,0.0,0.0,0.0,0.0,0.0,0.0,0.0,0.0,0.0,0.0,0.0,0.0,0.0,0.0
"7570-W-Flamingo-Rd,-Unit-159,-Las-Vegas,-NV-89147",0.0,0.0,0.0,0.0,0.0,0.0,37660.0,18200.0,19460.0,35430.0,16450.0,18980.0,0.0,0.0,0.0,0.0,0.0,0.0,0.0,0.0,0.0,0.0,0.0,0.0,0.0,0.0,0.0,0.0
"410-Market-St,-Galveston,-TX-77550",0.0,0.0,0.0,0.0,0.0,0.0,0.0,0.0,0.0,0.0,0.0,0.0,0.0,0.0,0.0,0.0,0.0,0.0,0.0,0.0,0.0,0.0,0.0,0.0,0.0,0.0,0.0,0.0
"8633-Barrique-Rd,-New-Kent,-VA-23124",0.0,0.0,0.0,0.0,0.0,0.0,0.0,0.0,0.0,0.0,0.0,0.0,0.0,0.0,0.0,0.0,0.0,0.0,0.0,0.0,0.0,0.0,0.0,0.0,0.0,0.0,0.0,0.0
"11057-Sw-3rd-St,-Unit-11057,-Sweetwater,-FL-33174",0.0,0.0,0.0,0.0,0.0,0.0,0.0,0.0,0.0,0.0,0.0,0.0,0.0,0.0,0.0,0.0,0.0,0.0,0.0,0.0,0.0,0.0,0.0,0.0,0.0,0.0,0.0,0.0
"581-Roosevelt-Hall,-Ypsilanti,-MI-48197",0.0,0.0,0.0,0.0,0.0,0.0,0.0,0.0,0.0,0.0,0.0,0.0,0.0,0.0,0.0,0.0,0.0,0.0,0.0,0.0,0.0,0.0,0.0,0.0,0.0,0.0,0.0,0.0
"355-N-Boise-Ave,-Loveland,-CO-80537",36558.0,4025.0,32533.0,0.0,0.0,0.0,0.0,0.0,0.0,0.0,0.0,0.0,0.0,0.0,0.0,0.0,0.0,0.0,0.0,0.0,0.0,0.0,0.0,0.0,0.0,0.0,0.0,0.0
"1500-The-Plz,-Charlotte,-NC-28205",0.0,0.0,0.0,744100.0,385000.0,359100.0,0.0,0.0,0.0,406000.0,198000.0,208000.0,0.0,0.0,0.0,0.0,0.0,0.0,0.0,0.0,0.0,0.0,0.0,0.0,0.0,0.0,0.0,0.0
"1007-Quail-Hollow-Dr,-Mary-Esther,-FL-32569",139399.0,0.0,0.0,0.0,0.0,0.0,293520.0,50384.0,243136.0,137474.0,0.0,0.0,0.0,0.0,0.0,0.0,0.0,0.0,0.0,0.0,0.0,0.0,0.0,0.0,0.0,0.0,0.0,0.0
"101-Boucher-Ln,-Ligonier,-PA-15658",0.0,0.0,0.0,11220.0,1260.0,9960.0,0.0,0.0,0.0,0.0,0.0,0.0,0.0,0.0,0.0,0.0,0.0,0.0,0.0,0.0,0.0,0.0,0.0,0.0,0.0,0.0,0.0,0.0
"130-Dwight-St,-Waterbury,-CT-06704",70140.0,23110.0,47030.0,117740.0,23100.0,94640.0,70140.0,23110.0,47030.0,0.0,0.0,0.0,0.0,0.0,0.0,0.0,0.0,0.0,0.0,0.0,0.0,0.0,0.0,0.0,0.0,0.0,0.0,0.0
"4899-Smithfield-Dr,-Manchester,-MD-21102",0.0,0.0,0.0,0.0,0.0,0.0,448200.0,141500.0,306700.0,0.0,0.0,0.0,0.0,0.0,0.0,0.0,0.0,0.0,0.0,0.0,0.0,0.0,0.0,0.0,0.0,0.0,0.0,0.0
"42-Chester-St,-West-Springfield,-MA-01089",0.0,0.0,0.0,0.0,0.0,0.0,0.0,0.0,0.0,0.0,0.0,0.0,0.0,0.0,0.0,0.0,0.0,0.0,0.0,0.0,0.0,0.0,0.0,0.0,0.0,0.0,0.0,0.0
"82-Crow-Creek-Rd,-Darby,-MT-59829",0.0,0.0,0.0,0.0,0.0,0.0,0.0,0.0,0.0,0.0,0.0,0.0,0.0,0.0,0.0,0.0,0.0,0.0,0.0,0.0,0.0,0.0,0.0,0.0,0.0,0.0,0.0,0.0
"22-Lake-Julia-Dr-S,-Ponte-Vedra-Beach,-FL-32082",0.0,0.0,0.0,0.0,0.0,0.0,718938.0,0.0,0.0,0.0,0.0,0.0,0.0,0.0,0.0,0.0,0.0,0.0,0.0,0.0,0.0,0.0,0.0,0.0,0.0,0.0,0.0,0.0
"2410-Everest-Pkwy,-Cape-Coral,-FL-33904",0.0,0.0,0.0,0.0,0.0,0.0,252671.0,0.0,0.0,0.0,0.0,0.0,0.0,0.0,0.0,0.0,0.0,0.0,0.0,0.0,0.0,0.0,0.0,0.0,0.0,0.0,0.0,0.0
"1388-Laurel-Hill-Dr,-Clermont,-FL-34711",202443.0,0.0,0.0,0.0,0.0,0.0,281941.0,0.0,0.0,0.0,0.0,0.0,0.0,0.0,0.0,0.0,0.0,0.0,0.0,0.0,0.0,0.0,0.0,0.0,0.0,0.0,0.0,0.0
"600-Beverly-Ave-E,-Sherwood,-AR-72120",0.0,0.0,0.0,0.0,0.0,0.0,29502.0,6200.0,23302.0,21750.0,4800.0,16950.0,21750.0,4800.0,0.0,0.0,0.0,0.0,0.0,0.0,16950.0,0.0,0.0,0.0,0.0,0.0,0.0,0.0
"729-Daniel-Freeman-Cir,-Inglewood,-CA-90301",0.0,0.0,0.0,0.0,0.0,0.0,567800.0,567800.0,0.0,0.0,0.0,0.0,0.0,0.0,0.0,0.0,0.0,0.0,0.0,0.0,0.0,0.0,0.0,0.0,0.0,0.0,0.0,0.0
"4400-Kingfish-Ln,-Unit-1,-Panama-City-Beach,-FL-32408",0.0,0.0,0.0,0.0,0.0,0.0,0.0,0.0,0.0,0.0,0.0,0.0,0.0,0.0,0.0,0.0,0.0,0.0,0.0,0.0,0.0,0.0,0.0,0.0,0.0,0.0,0.0,0.0
"1632-Ne-Prescott-St,-Apt-6,-Portland,-OR-97211",0.0,0.0,0.0,0.0,0.0,0.0,0.0,0.0,0.0,0.0,0.0,0.0,0.0,0.0,0.0,0.0,0.0,0.0,0.0,0.0,0.0,0.0,0.0,0.0,0.0,0.0,0.0,0.0
"PO-Box-2621,-Weatherford,-TX-76086",0.0,0.0,0.0,0.0,0.0,0.0,0.0,0.0,0.0,0.0,0.0,0.0,0.0,0.0,0.0,0.0,0.0,0.0,0.0,0.0,0.0,0.0,0.0,0.0,0.0,0.0,0.0,0.0
"1702-Parkway-Dr,-Lubbock,-TX-79403",0.0,0.0,0.0,0.0,0.0,0.0,0.0,0.0,0.0,0.0,0.0,0.0,0.0,0.0,0.0,0.0,0.0,0.0,0.0,0.0,0.0,0.0,0.0,0.0,0.0,0.0,0.0,0.0
"4347-Beachside-Two-Dr,-Unit-4347,-Miramar-Beach,-FL-32550",0.0,0.0,0.0,0.0,0.0,0.0,0.0,0.0,0.0,0.0,0.0,0.0,0.0,0.0,0.0,0.0,0.0,0.0,0.0,0.0,0.0,0.0,0.0,0.0,0.0,0.0,0.0,0.0
"31-Oakview-Ter,-Unit-2,-Boston,-MA-02130",0.0,0.0,0.0,0.0,0.0,0.0,0.0,0.0,0.0,0.0,0.0,0.0,0.0,0.0,0.0,0.0,0.0,0.0,0.0,0.0,0.0,0.0,0.0,0.0,0.0,0.0,0.0,0.0
"810-Sycamore-St,-Ste-609,-Cincinnati,-OH-45202",0.0,0.0,0.0,0.0,0.0,0.0,0.0,0.0,0.0,0.0,0.0,0.0,0.0,0.0,0.0,0.0,0.0,0.0,0.0,0.0,0.0,0.0,0.0,0.0,0.0,0.0,0.0,0.0
"4001-Airport-Fwy,-Ste-400,-Bedford,-TX-76021",0.0,0.0,0.0,0.0,0.0,0.0,0.0,0.0,0.0,0.0,0.0,0.0,0.0,0.0,0.0,0.0,0.0,0.0,0.0,0.0,0.0,0.0,0.0,0.0,0.0,0.0,0.0,0.0
"386-Whitecliff-Dr,-Ellijay,-GA-30540",0.0,0.0,0.0,0.0,0.0,0.0,0.0,0.0,0.0,62840.0,23320.0,39520.0,0.0,0.0,0.0,0.0,0.0,0.0,0.0,0.0,0.0,0.0,0.0,0.0,0.0,0.0,0.0,0.0
"6002-S-82nd-St,-Unit-1A,-Tampa,-FL-33619",0.0,0.0,0.0,0.0,0.0,0.0,0.0,0.0,0.0,0.0,0.0,0.0,0.0,0.0,0.0,0.0,0.0,0.0,0.0,0.0,0.0,0.0,0.0,0.0,0.0,0.0,0.0,0.0
"42-Acorn-Ct,-Zion-Crossroads,-VA-22942",0.0,0.0,0.0,0.0,0.0,0.0,421200.0,69400.0,351800.0,0.0,0.0,0.0,0.0,0.0,0.0,0.0,0.0,0.0,0.0,0.0,0.0,0.0,0.0,0.0,0.0,0.0,0.0,0.0
"8445-Graves-Ave,-Unit-6,-Santee,-CA-92071",0.0,0.0,0.0,382500.0,255000.0,127500.0,375000.0,250000.0,125000.0,0.0,0.0,0.0,0.0,0.0,0.0,0.0,0.0,0.0,0.0,0.0,0.0,0.0,0.0,0.0,0.0,0.0,0.0,0.0
"4844-Tarragon-Ln,-Grand-Prairie,-TX-75052",0.0,0.0,0.0,561801.0,75000.0,486801.0,444816.0,75000.0,369816.0,0.0,0.0,0.0,0.0,0.0,0.0,0.0,0.0,0.0,0.0,0.0,0.0,0.0,0.0,0.0,0.0,0.0,0.0,0.0
"10319-Denison-Ave,-Cupertino,-CA-95014",0.0,0.0,0.0,0.0,0.0,0.0,606763.0,390069.0,216694.0,0.0,0.0,0.0,577225.0,371079.0,0.0,0.0,0.0,0.0,0.0,0.0,206146.0,0.0,0.0,0.0,0.0,0.0,0.0,0.0
"14120-Sw-168th-Ln,-Miami,-FL-33177",0.0,0.0,0.0,0.0,0.0,0.0,158219.0,0.0,0.0,0.0,0.0,0.0,0.0,0.0,0.0,0.0,0.0,0.0,0.0,0.0,0.0,0.0,0.0,0.0,0.0,0.0,0.0,0.0
"730-Hawks-Crest-Ln,-Blacklick,-OH-43004",88380.0,16910.0,71470.0,0.0,0.0,0.0,88380.0,16910.0,71470.0,0.0,0.0,0.0,76860.0,14700.0,0.0,0.0,0.0,0.0,0.0,0.0,62160.0,0.0,0.0,0.0,0.0,0.0,0.0,0.0
"1696-Snows-Mill-Rd,-Monroe,-GA-30655",0.0,0.0,0.0,0.0,0.0,0.0,30960.0,26400.0,4560.0,0.0,0.0,0.0,0.0,0.0,0.0,0.0,0.0,0.0,0.0,0.0,0.0,0.0,0.0,0.0,0.0,0.0,0.0,0.0
"1511-W-Speedway-Blvd,-Tucson,-AZ-85745",0.0,0.0,0.0,14942.0,0.0,0.0,8643.0,0.0,0.0,0.0,0.0,0.0,8780.0,0.0,18834.0,0.0,0.0,0.0,0.0,0.0,0.0,0.0,0.0,0.0,0.0,0.0,0.0,0.0
"1419-El-Camino-Real,-Santa-Clara,-CA-95050",0.0,0.0,0.0,1284894.0,642447.0,642447.0,0.0,0.0,0.0,0.0,0.0,0.0,0.0,0.0,0.0,0.0,0.0,0.0,0.0,0.0,0.0,0.0,0.0,0.0,0.0,0.0,0.0,0.0
"350-Hillside-Dr,-New-Cumberland,-PA-17070",0.0,0.0,0.0,0.0,0.0,0.0,244000.0,50000.0,194000.0,244000.0,50000.0,194000.0,0.0,0.0,0.0,0.0,0.0,0.0,0.0,0.0,0.0,0.0,0.0,0.0,0.0,0.0,0.0,0.0
"862-Bridgewood-Dr,-Rock-Hill,-SC-29732",0.0,0.0,0.0,4186.0,0.0,4186.0,4186.0,0.0,4186.0,0.0,0.0,0.0,0.0,0.0,0.0,0.0,0.0,0.0,0.0,0.0,0.0,0.0,0.0,0.0,0.0,0.0,0.0,0.0
"PO-Box-366,-Conestee,-SC-29636",0.0,0.0,0.0,0.0,0.0,0.0,0.0,0.0,0.0,0.0,0.0,0.0,0.0,0.0,0.0,0.0,0.0,0.0,0.0,0.0,0.0,0.0,0.0,0.0,0.0,0.0,0.0,0.0
"5117-Saratoga-Ave,-Bethesda,-MD-20816",0.0,0.0,0.0,1038633.0,0.0,0.0,972100.0,560800.0,411300.0,880100.0,0.0,0.0,0.0,0.0,0.0,0.0,0.0,0.0,0.0,0.0,0.0,0.0,0.0,0.0,0.0,0.0,0.0,0.0
"20550-150th-St,-Carroll,-IA-51401",0.0,0.0,0.0,0.0,0.0,0.0,0.0,0.0,0.0,0.0,0.0,0.0,0.0,0.0,0.0,0.0,0.0,0.0,0.0,0.0,0.0,0.0,0.0,0.0,0.0,0.0,0.0,0.0
"213-Bridle-Ln,-Washington,-PA-15301",0.0,0.0,0.0,0.0,0.0,0.0,0.0,0.0,0.0,338100.0,64100.0,274000.0,0.0,0.0,0.0,0.0,0.0,0.0,0.0,0.0,0.0,0.0,0.0,0.0,0.0,0.0,0.0,0.0
"3404-Ribbon-Reef-Ln,-Austin,-TX-78728",0.0,0.0,0.0,0.0,0.0,0.0,0.0,0.0,0.0,0.0,0.0,0.0,288197.0,75000.0,0.0,0.0,0.0,0.0,0.0,0.0,222887.0,0.0,0.0,0.0,0.0,0.0,0.0,0.0
"208-Lakeside-Dr,-Newport,-NC-28570",0.0,0.0,0.0,0.0,0.0,0.0,0.0,0.0,0.0,0.0,0.0,0.0,0.0,0.0,0.0,0.0,0.0,0.0,0.0,0.0,0.0,0.0,0.0,0.0,0.0,0.0,0.0,0.0
"497-Spring-Lake-Dr,-Melbourne,-FL-32940",0.0,0.0,0.0,0.0,0.0,0.0,387220.0,0.0,0.0,0.0,0.0,0.0,0.0,0.0,0.0,0.0,0.0,0.0,0.0,0.0,0.0,0.0,0.0,0.0,0.0,0.0,0.0,0.0
"4700-Catawba-River-Rd,-Edgemoor,-SC-29712",0.0,0.0,0.0,0.0,0.0,0.0,0.0,0.0,0.0,0.0,0.0,0.0,0.0,0.0,0.0,0.0,0.0,0.0,0.0,0.0,0.0,0.0,0.0,0.0,0.0,0.0,0.0,0.0
"18800-Cohasset-St,-Unit-B,-Los-Angeles,-CA-91335",0.0,0.0,0.0,0.0,0.0,0.0,0.0,0.0,0.0,0.0,0.0,0.0,0.0,0.0,0.0,0.0,0.0,0.0,0.0,0.0,0.0,0.0,0.0,0.0,0.0,0.0,0.0,0.0
"433-Hoopers-Creek-Rd,-Fletcher,-NC-28732",0.0,0.0,0.0,716600.0,73200.0,643400.0,497700.0,64700.0,433000.0,0.0,0.0,0.0,0.0,0.0,0.0,0.0,0.0,0.0,0.0,0.0,0.0,0.0,0.0,0.0,0.0,0.0,0.0,0.0
"2945-Avenida-Valera,-Carlsbad,-CA-92009",0.0,0.0,0.0,966166.0,612691.0,353475.0,0.0,0.0,0.0,0.0,0.0,0.0,0.0,0.0,0.0,0.0,0.0,0.0,0.0,0.0,0.0,0.0,0.0,0.0,0.0,0.0,0.0,0.0
"11223-Ratliffe-St,-Norwalk,-CA-90650",0.0,0.0,0.0,327994.0,236283.0,91711.0,0.0,0.0,0.0,312027.0,224780.0,87247.0,0.0,0.0,0.0,0.0,0.0,0.0,0.0,0.0,0.0,0.0,0.0,0.0,0.0,0.0,0.0,0.0
"470-El-Portal-Dr,-Merced,-CA-95340",0.0,0.0,0.0,145296.0,13539.0,131757.0,142448.0,13274.0,129174.0,0.0,0.0,0.0,135516.0,12629.0,0.0,0.0,0.0,0.0,0.0,0.0,122887.0,0.0,0.0,0.0,0.0,0.0,0.0,0.0
"6067-Warbling-Ln,-Westerville,-OH-43081",62830.0,10150.0,52680.0,0.0,0.0,0.0,0.0,0.0,0.0,0.0,0.0,0.0,0.0,0.0,0.0,0.0,0.0,0.0,0.0,0.0,0.0,0.0,0.0,0.0,0.0,0.0,0.0,0.0
"74-Clemmer-Ave,-Akron,-OH-44313",52150.0,10180.0,41970.0,0.0,0.0,0.0,0.0,0.0,0.0,0.0,0.0,0.0,0.0,0.0,0.0,0.0,0.0,0.0,0.0,0.0,0.0,0.0,0.0,0.0,0.0,0.0,0.0,0.0
"2229-Via,-Firenze,-Henderson,-NV-89044",99460.0,29050.0,70410.0,118553.0,36750.0,81803.0,0.0,0.0,0.0,0.0,0.0,0.0,0.0,0.0,0.0,0.0,0.0,0.0,0.0,0.0,0.0,0.0,0.0,0.0,0.0,0.0,0.0,0.0
"5111-Bonnedale-Ct,-Tampa,-FL-33624",184200.0,39114.0,145086.0,0.0,0.0,0.0,189726.0,0.0,0.0,0.0,0.0,0.0,0.0,0.0,0.0,0.0,0.0,0.0,0.0,0.0,0.0,0.0,0.0,0.0,0.0,0.0,0.0,0.0
"9-Short-24th-Ave-E,-Tuscaloosa,-AL-35404",8220.0,900.0,7320.0,0.0,0.0,0.0,8220.0,900.0,7320.0,0.0,0.0,0.0,7680.0,900.0,0.0,0.0,0.0,0.0,0.0,0.0,6780.0,0.0,0.0,0.0,0.0,0.0,0.0,0.0
"485-Brown-Thrasher-Ct,-Alpharetta,-GA-30009",144920.0,26520.0,118400.0,0.0,0.0,0.0,149200.0,27280.0,121920.0,0.0,0.0,0.0,101320.0,16200.0,0.0,0.0,0.0,0.0,0.0,0.0,85120.0,0.0,0.0,0.0,0.0,0.0,0.0,0.0
"15400-Sw-81st-Cir-Ln,-Apt-1011,-Miami,-FL-33193",0.0,0.0,0.0,0.0,0.0,0.0,0.0,0.0,0.0,0.0,0.0,0.0,0.0,0.0,0.0,0.0,0.0,0.0,0.0,0.0,0.0,0.0,0.0,0.0,0.0,0.0,0.0,0.0
"5-Running-Brook-Rd,-Waterbury,-CT-06704",0.0,0.0,0.0,0.0,0.0,0.0,0.0,0.0,0.0,0.0,0.0,0.0,0.0,0.0,0.0,0.0,0.0,0.0,0.0,0.0,0.0,0.0,0.0,0.0,0.0,0.0,0.0,0.0
"2100-Augusta-Blvd,-Apt-134,-Fairfield,-OH-45014",0.0,0.0,0.0,0.0,0.0,0.0,19300.0,3500.0,15800.0,18990.0,3500.0,15490.0,0.0,0.0,0.0,0.0,0.0,0.0,0.0,0.0,0.0,0.0,0.0,0.0,0.0,0.0,0.0,0.0
"10530-Secretariat-Dr,-Indianapolis,-IN-46234",130300.0,25500.0,104800.0,0.0,0.0,0.0,130300.0,22600.0,107700.0,130300.0,27600.0,102700.0,0.0,0.0,0.0,0.0,0.0,0.0,0.0,0.0,0.0,0.0,0.0,0.0,0.0,0.0,0.0,0.0
"445-S-Shelby-St,-Hobart,-IN-46342",0.0,0.0,0.0,0.0,0.0,0.0,0.0,0.0,0.0,0.0,0.0,0.0,0.0,0.0,0.0,0.0,0.0,0.0,0.0,0.0,0.0,0.0,0.0,0.0,0.0,0.0,0.0,0.0
"1-Lucier-St,-Nashua,-NH-03064",0.0,0.0,0.0,0.0,0.0,0.0,0.0,0.0,0.0,0.0,0.0,0.0,0.0,0.0,0.0,0.0,0.0,0.0,0.0,0.0,0.0,0.0,0.0,0.0,0.0,0.0,0.0,0.0
"12549-Wissant-Ln,-Saint-Louis,-MO-63146",0.0,0.0,0.0,0.0,0.0,0.0,0.0,0.0,0.0,0.0,0.0,0.0,0.0,0.0,0.0,0.0,0.0,0.0,0.0,0.0,0.0,0.0,0.0,0.0,0.0,0.0,0.0,0.0
"4660-Marysville-Rd,-Delaware,-OH-43015",0.0,0.0,0.0,0.0,0.0,0.0,119500.0,19220.0,100280.0,0.0,0.0,0.0,93520.0,14560.0,0.0,0.0,0.0,0.0,0.0,0.0,78960.0,0.0,0.0,0.0,0.0,0.0,0.0,0.0
"1536-Greenbriar-Blvd,-Boulder,-CO-80305",0.0,0.0,0.0,0.0,0.0,0.0,0.0,0.0,0.0,43644.0,0.0,43644.0,0.0,0.0,0.0,0.0,0.0,0.0,0.0,0.0,0.0,0.0,0.0,0.0,0.0,0.0,0.0,0.0
"3141-Glennhaven-Dr,-Byram,-MS-39272",0.0,0.0,0.0,0.0,0.0,0.0,10776.0,2500.0,8276.0,0.0,0.0,0.0,0.0,0.0,0.0,0.0,0.0,0.0,0.0,0.0,0.0,0.0,0.0,0.0,0.0,0.0,0.0,0.0
"603-E-9th-St,-Washington,-NC-27889",0.0,0.0,0.0,307839.0,51500.0,256339.0,0.0,0.0,0.0,0.0,0.0,0.0,0.0,0.0,0.0,0.0,0.0,0.0,0.0,0.0,0.0,0.0,0.0,0.0,0.0,0.0,0.0,0.0
"132-Herndon-Dr,-Evansville,-IN-47711",0.0,0.0,0.0,0.0,0.0,0.0,73100.0,13500.0,59600.0,0.0,0.0,0.0,70200.0,13500.0,0.0,0.0,0.0,0.0,0.0,0.0,56700.0,0.0,0.0,0.0,0.0,0.0,0.0,0.0
"3402-Griffin-Rd,-Fort-Lauderdale,-FL-33312",0.0,0.0,0.0,0.0,0.0,0.0,0.0,0.0,0.0,0.0,0.0,0.0,0.0,0.0,0.0,0.0,0.0,0.0,0.0,0.0,0.0,0.0,0.0,0.0,0.0,0.0,0.0,0.0
"2291-Peeksville-Rd,-Locust-Grove,-GA-30248",101480.0,11800.0,89680.0,138080.0,14880.0,123200.0,113600.0,13760.0,99840.0,0.0,0.0,0.0,0.0,0.0,0.0,0.0,0.0,0.0,0.0,0.0,0.0,0.0,0.0,0.0,0.0,0.0,0.0,0.0
"1913-Michelle-Ct,-Grove-City,-OH-43123",0.0,0.0,0.0,0.0,0.0,0.0,0.0,0.0,0.0,0.0,0.0,0.0,0.0,0.0,0.0,0.0,0.0,0.0,0.0,0.0,0.0,0.0,0.0,0.0,0.0,0.0,0.0,0.0
"158-Midwood-Ave,-Waterbury,-CT-06708",145900.0,28380.0,117520.0,0.0,0.0,0.0,0.0,0.0,0.0,0.0,0.0,0.0,0.0,0.0,0.0,0.0,0.0,0.0,0.0,0.0,0.0,0.0,0.0,0.0,0.0,0.0,0.0,0.0
"408-Winter-Park-Dr,-O-Fallon,-MO-63366",0.0,0.0,0.0,63735.0,0.0,0.0,0.0,0.0,0.0,0.0,0.0,0.0,0.0,0.0,0.0,0.0,0.0,0.0,0.0,0.0,0.0,0.0,0.0,0.0,0.0,0.0,0.0,0.0
"3230-Brawner-Pkwy,-Corpus-Christi,-TX-78411",0.0,0.0,0.0,0.0,0.0,0.0,119817.0,18032.0,101785.0,90107.0,11270.0,78837.0,0.0,0.0,0.0,0.0,0.0,0.0,0.0,0.0,0.0,0.0,0.0,0.0,0.0,0.0,0.0,0.0
"815-Kilsyth-Rd,-Elizabeth,-NJ-07208",0.0,0.0,0.0,0.0,0.0,0.0,0.0,0.0,0.0,36900.0,11600.0,25300.0,0.0,0.0,0.0,0.0,0.0,0.0,0.0,0.0,0.0,0.0,0.0,0.0,0.0,0.0,0.0,0.0
"815-1st-St,-Augusta,-GA-30901",0.0,0.0,0.0,0.0,0.0,0.0,0.0,0.0,0.0,2024.0,1600.0,424.0,0.0,0.0,0.0,0.0,0.0,0.0,0.0,0.0,0.0,0.0,0.0,0.0,0.0,0.0,0.0,0.0
"36550-Chester-Rd,-Apt-2702,-Avon,-OH-44011",0.0,0.0,0.0,0.0,0.0,0.0,0.0,0.0,0.0,0.0,0.0,0.0,0.0,0.0,0.0,0.0,0.0,0.0,0.0,0.0,0.0,0.0,0.0,0.0,0.0,0.0,0.0,0.0
"29015-Abbey-Grove-Ln,-Katy,-TX-77494",480000.0,81480.0,398520.0,580800.0,81480.0,533691.0,528000.0,81480.0,446520.0,0.0,0.0,0.0,0.0,0.0,0.0,0.0,0.0,0.0,0.0,0.0,0.0,0.0,0.0,0.0,0.0,0.0,0.0,0.0
"1417-S-Camlan-Ln-W,-Springville,-UT-84663",0.0,0.0,0.0,0.0,0.0,0.0,0.0,0.0,0.0,0.0,0.0,0.0,0.0,0.0,0.0,0.0,0.0,0.0,0.0,0.0,0.0,0.0,0.0,0.0,0.0,0.0,0.0,0.0
"1803-Sw-Stallings-Dr,-Ste-1,-Nacogdoches,-TX-75964",0.0,0.0,0.0,0.0,0.0,0.0,0.0,0.0,0.0,0.0,0.0,0.0,0.0,0.0,0.0,0.0,0.0,0.0,0.0,0.0,0.0,0.0,0.0,0.0,0.0,0.0,0.0,0.0
"Rolling-Hls,-Lot-8,-Viroqua,-WI-54665",0.0,0.0,0.0,0.0,0.0,0.0,0.0,0.0,0.0,0.0,0.0,0.0,0.0,0.0,0.0,0.0,0.0,0.0,0.0,0.0,0.0,0.0,0.0,0.0,0.0,0.0,0.0,0.0
"2316-Wyoming-St,-Carlsbad,-NM-88220",0.0,0.0,0.0,0.0,0.0,0.0,0.0,0.0,0.0,0.0,0.0,0.0,0.0,0.0,0.0,0.0,0.0,0.0,0.0,0.0,0.0,0.0,0.0,0.0,0.0,0.0,0.0,0.0
"20-Washington-St,-Apt-49,-Methuen,-MA-01844",0.0,0.0,0.0,308700.0,0.0,308700.0,0.0,0.0,0.0,204100.0,0.0,204100.0,0.0,0.0,0.0,0.0,0.0,0.0,0.0,0.0,0.0,0.0,0.0,0.0,0.0,0.0,0.0,0.0
"850-Sw-7th-St,-Fort-Lauderdale,-FL-33315",0.0,0.0,0.0,0.0,0.0,0.0,0.0,0.0,0.0,0.0,0.0,0.0,0.0,0.0,0.0,0.0,0.0,0.0,0.0,0.0,0.0,0.0,0.0,0.0,0.0,0.0,0.0,0.0
"4923-W-31st-St,-Little-Rock,-AR-72204",5450.0,600.0,4850.0,0.0,0.0,0.0,12434.0,800.0,11634.0,5450.0,600.0,4850.0,0.0,0.0,0.0,0.0,0.0,0.0,0.0,0.0,0.0,0.0,0.0,0.0,0.0,0.0,0.0,0.0
"1335-Scott-Ave,-Fort-Wayne,-IN-46807",0.0,0.0,0.0,0.0,0.0,0.0,64400.0,8200.0,56200.0,0.0,0.0,0.0,0.0,0.0,0.0,0.0,0.0,0.0,0.0,0.0,0.0,0.0,0.0,0.0,0.0,0.0,0.0,0.0
"105-Dakota-Dr,-Rio-Grande-City,-TX-78582",0.0,0.0,0.0,0.0,0.0,0.0,103400.0,27230.0,76170.0,0.0,0.0,0.0,0.0,0.0,0.0,0.0,0.0,0.0,0.0,0.0,0.0,0.0,0.0,0.0,0.0,0.0,0.0,0.0
"2980-Delmar-Ln-NW,-Apt-H7,-Atlanta,-GA-30311",0.0,0.0,0.0,0.0,0.0,0.0,0.0,0.0,0.0,0.0,0.0,0.0,0.0,0.0,0.0,0.0,0.0,0.0,0.0,0.0,0.0,0.0,0.0,0.0,0.0,0.0,0.0,0.0
"18936-Nw-85th-Ave,-Apt-2606,-Hialeah,-FL-33015",234900.0,0.0,0.0,0.0,0.0,0.0,234900.0,0.0,0.0,0.0,0.0,0.0,0.0,0.0,0.0,0.0,0.0,0.0,0.0,0.0,0.0,0.0,0.0,0.0,0.0,0.0,0.0,0.0
"227-Center-St,-Canandaigua,-NY-14424",0.0,0.0,0.0,0.0,0.0,0.0,0.0,0.0,0.0,0.0,0.0,0.0,0.0,0.0,0.0,0.0,0.0,0.0,0.0,0.0,0.0,0.0,0.0,0.0,0.0,0.0,0.0,0.0
"95-E-King-St,-Dallastown,-PA-17313",0.0,0.0,0.0,0.0,0.0,0.0,156510.0,37290.0,119220.0,0.0,0.0,0.0,0.0,0.0,0.0,0.0,0.0,0.0,0.0,0.0,0.0,0.0,0.0,0.0,0.0,0.0,0.0,0.0
"1612-Houston-Blvd,-Apt-13,-South-Houston,-TX-77587",0.0,0.0,0.0,0.0,0.0,0.0,0.0,0.0,0.0,0.0,0.0,0.0,0.0,0.0,0.0,0.0,0.0,0.0,0.0,0.0,0.0,0.0,0.0,0.0,0.0,0.0,0.0,0.0
"919-W-Prince-Rd,-Tucson,-AZ-85705",0.0,0.0,0.0,0.0,0.0,0.0,0.0,0.0,0.0,0.0,0.0,0.0,0.0,0.0,0.0,0.0,0.0,0.0,0.0,0.0,0.0,0.0,0.0,0.0,0.0,0.0,0.0,0.0
"9177-S-South-Chicago-Ave,-Apt-602,-Chicago,-IL-60617",0.0,0.0,0.0,0.0,0.0,0.0,0.0,0.0,0.0,0.0,0.0,0.0,0.0,0.0,0.0,0.0,0.0,0.0,0.0,0.0,0.0,0.0,0.0,0.0,0.0,0.0,0.0,0.0
"2970-N-Cardell-Cir,-Tucson,-AZ-85712",14134.0,0.0,0.0,18798.0,0.0,0.0,0.0,0.0,0.0,0.0,0.0,0.0,0.0,0.0,23100.0,0.0,0.0,0.0,0.0,0.0,0.0,0.0,0.0,0.0,0.0,0.0,0.0,0.0
"7-Di-Lago-Park-Place-Dr,-Shady-Shores,-TX-76208",0.0,0.0,0.0,0.0,0.0,0.0,880569.0,153940.0,726629.0,0.0,0.0,0.0,0.0,0.0,0.0,0.0,0.0,0.0,0.0,0.0,0.0,0.0,0.0,0.0,0.0,0.0,0.0,0.0
"21258-Woodland-Way,-Shorewood,-IL-60404",0.0,0.0,0.0,0.0,0.0,0.0,0.0,0.0,0.0,0.0,0.0,0.0,0.0,0.0,0.0,0.0,0.0,0.0,0.0,0.0,0.0,0.0,0.0,0.0,0.0,0.0,0.0,0.0
"6433-Birchcrest-Ct,-Las-Vegas,-NV-89108",53331.0,21000.0,32331.0,0.0,0.0,0.0,57328.0,23800.0,33528.0,0.0,0.0,0.0,0.0,0.0,0.0,0.0,0.0,0.0,0.0,0.0,0.0,0.0,0.0,0.0,0.0,0.0,0.0,0.0
"3548-Paradise-Dr,-Laredo,-TX-78046",0.0,0.0,0.0,0.0,0.0,0.0,0.0,0.0,0.0,0.0,0.0,0.0,0.0,0.0,0.0,0.0,0.0,0.0,0.0,0.0,0.0,0.0,0.0,0.0,0.0,0.0,0.0,0.0
"2029-Airport-Rd,-Whispering-Pines,-NC-28327",0.0,0.0,0.0,0.0,0.0,0.0,0.0,0.0,0.0,166400.0,42000.0,124400.0,0.0,0.0,0.0,0.0,0.0,0.0,0.0,0.0,0.0,0.0,0.0,0.0,0.0,0.0,0.0,0.0
"12551-S-Ocotillo-Ridge-Trl,-Vail,-AZ-85641",0.0,0.0,0.0,7934.0,4200.0,3734.0,0.0,0.0,0.0,0.0,0.0,0.0,0.0,0.0,8217.0,4400.0,3817.0,0.0,0.0,0.0,0.0,0.0,0.0,0.0,0.0,0.0,0.0,0.0
"3437-Decoursey-Ave,---2,-Covington,-KY-41015",0.0,0.0,0.0,0.0,0.0,0.0,0.0,0.0,0.0,0.0,0.0,0.0,0.0,0.0,0.0,0.0,0.0,0.0,0.0,0.0,0.0,0.0,0.0,0.0,0.0,0.0,0.0,0.0
"929-E-Foothill-Blvd,-Spc-149,-Upland,-CA-91786",15500.0,0.0,15500.0,0.0,0.0,0.0,15500.0,0.0,15500.0,0.0,0.0,0.0,15500.0,0.0,0.0,0.0,0.0,0.0,0.0,0.0,15500.0,0.0,0.0,0.0,0.0,0.0,0.0,0.0
"4171-Cumbrian-Gardens-Ln,-Jacksonville,-FL-32257",163875.0,0.0,0.0,0.0,0.0,0.0,168791.0,0.0,0.0,161613.0,0.0,0.0,0.0,0.0,0.0,0.0,0.0,0.0,0.0,0.0,0.0,0.0,0.0,0.0,0.0,0.0,0.0,0.0
"PO-Box-36,-Silver-Spring,-PA-17575",0.0,0.0,0.0,0.0,0.0,0.0,0.0,0.0,0.0,0.0,0.0,0.0,0.0,0.0,0.0,0.0,0.0,0.0,0.0,0.0,0.0,0.0,0.0,0.0,0.0,0.0,0.0,0.0
"607-W-Provential-Dr,-Apt-8,-Anaheim,-CA-92805",0.0,0.0,0.0,0.0,0.0,0.0,0.0,0.0,0.0,0.0,0.0,0.0,0.0,0.0,0.0,0.0,0.0,0.0,0.0,0.0,0.0,0.0,0.0,0.0,0.0,0.0,0.0,0.0
"2300-Wilshire-Blvd,-Unit-201,-Santa-Monica,-CA-90403",0.0,0.0,0.0,0.0,0.0,0.0,0.0,0.0,0.0,0.0,0.0,0.0,0.0,0.0,0.0,0.0,0.0,0.0,0.0,0.0,0.0,0.0,0.0,0.0,0.0,0.0,0.0,0.0
"Morris-Shepherd-Dr,-Unit-7,-Brownwood,-TX-76801",0.0,0.0,0.0,0.0,0.0,0.0,0.0,0.0,0.0,0.0,0.0,0.0,0.0,0.0,0.0,0.0,0.0,0.0,0.0,0.0,0.0,0.0,0.0,0.0,0.0,0.0,0.0,0.0
"34665-Sherwood-Dr,-Solon,-OH-44139",0.0,0.0,0.0,0.0,0.0,0.0,82180.0,29680.0,52500.0,0.0,0.0,0.0,0.0,0.0,0.0,0.0,0.0,0.0,0.0,0.0,0.0,0.0,0.0,0.0,0.0,0.0,0.0,0.0
"9612-Mathog-Rd,-Riverview,-FL-33578",0.0,0.0,0.0,0.0,0.0,0.0,92526.0,0.0,0.0,0.0,0.0,0.0,0.0,0.0,0.0,0.0,0.0,0.0,0.0,0.0,0.0,0.0,0.0,0.0,0.0,0.0,0.0,0.0
"737-Woodfield-Rd,-Villanova,-PA-19085",0.0,0.0,0.0,0.0,0.0,0.0,0.0,0.0,0.0,207800.0,136070.0,71730.0,0.0,0.0,0.0,0.0,0.0,207800.0,0.0,0.0,0.0,0.0,0.0,0.0,0.0,0.0,0.0,0.0
"1356-E-11th-St,-Casa-Grande,-AZ-85122",0.0,0.0,0.0,27570.0,4338.0,23232.0,20715.0,4338.0,16377.0,0.0,0.0,0.0,0.0,0.0,34935.0,4338.0,30597.0,0.0,0.0,0.0,0.0,0.0,0.0,0.0,0.0,29721.0,4338.0,25383.0
"2803-N-22nd-St,-Tampa,-FL-33605",0.0,0.0,0.0,0.0,0.0,0.0,0.0,0.0,0.0,0.0,0.0,0.0,0.0,0.0,0.0,0.0,0.0,0.0,0.0,0.0,0.0,0.0,0.0,0.0,0.0,0.0,0.0,0.0
"11807-Highgrove-Dr,-Houston,-TX-77077",0.0,0.0,0.0,0.0,0.0,0.0,0.0,0.0,0.0,280000.0,106800.0,173200.0,0.0,0.0,0.0,0.0,0.0,0.0,0.0,0.0,0.0,0.0,0.0,0.0,0.0,0.0,0.0,0.0
"6741-Day-St,-Tujunga,-CA-91042",0.0,0.0,0.0,847264.0,717449.0,129815.0,0.0,0.0,0.0,0.0,0.0,0.0,0.0,0.0,0.0,0.0,0.0,0.0,0.0,0.0,0.0,0.0,0.0,0.0,0.0,0.0,0.0,0.0
"6407-Beechwood-St,-Detroit,-MI-48210",0.0,0.0,0.0,0.0,0.0,0.0,0.0,0.0,0.0,0.0,0.0,0.0,0.0,0.0,0.0,0.0,0.0,0.0,0.0,0.0,0.0,0.0,0.0,0.0,0.0,0.0,0.0,0.0
"1206-Ambrose-Dr,-Salado,-TX-76571",0.0,0.0,0.0,0.0,0.0,0.0,578375.0,83914.0,494461.0,0.0,0.0,0.0,0.0,0.0,0.0,0.0,0.0,0.0,0.0,0.0,0.0,0.0,0.0,0.0,0.0,0.0,0.0,0.0
"PO-Box-519,-Union,-SC-29379",0.0,0.0,0.0,0.0,0.0,0.0,0.0,0.0,0.0,0.0,0.0,0.0,0.0,0.0,0.0,0.0,0.0,0.0,0.0,0.0,0.0,0.0,0.0,0.0,0.0,0.0,0.0,0.0
"4153-Rialto-Ave,-Clovis,-CA-93619",0.0,0.0,0.0,448800.0,102000.0,346800.0,0.0,0.0,0.0,0.0,0.0,0.0,0.0,0.0,0.0,0.0,0.0,0.0,0.0,0.0,0.0,0.0,0.0,0.0,0.0,0.0,0.0,0.0
"7034-Golden-Crst,-Elkridge,-MD-21075",0.0,0.0,0.0,846100.0,216200.0,629900.0,819867.0,0.0,0.0,767400.0,152600.0,614800.0,0.0,0.0,0.0,0.0,0.0,0.0,0.0,0.0,0.0,0.0,0.0,0.0,0.0,0.0,0.0,0.0
"952-Plymouth-Sorrento-Rd,-Apopka,-FL-32712",0.0,0.0,0.0,0.0,0.0,0.0,562124.0,206500.0,355624.0,0.0,0.0,0.0,344840.0,61950.0,0.0,0.0,0.0,0.0,0.0,0.0,282890.0,0.0,0.0,0.0,0.0,0.0,0.0,0.0
"5111-Mckittrick-Canyon-Dr,-Austin,-TX-78759",0.0,0.0,0.0,605261.0,150000.0,455261.0,635675.0,150000.0,485675.0,0.0,0.0,0.0,0.0,0.0,0.0,0.0,0.0,0.0,0.0,0.0,0.0,0.0,0.0,0.0,0.0,0.0,0.0,0.0
"PO-Box-453,-Westville,-NJ-08093",0.0,0.0,0.0,0.0,0.0,0.0,0.0,0.0,0.0,0.0,0.0,0.0,0.0,0.0,0.0,0.0,0.0,0.0,0.0,0.0,0.0,0.0,0.0,0.0,0.0,0.0,0.0,0.0
"34-Wax-Myrtle-Ct,-Hilton-Head-Island,-SC-29926",0.0,0.0,0.0,0.0,0.0,0.0,11820.0,2424.0,9396.0,0.0,0.0,0.0,11820.0,2424.0,0.0,0.0,0.0,0.0,0.0,0.0,9396.0,0.0,0.0,0.0,0.0,0.0,0.0,0.0
"801-East-Dr,-Edmond,-OK-73034",28050.0,7920.0,20130.0,0.0,0.0,0.0,0.0,0.0,0.0,0.0,0.0,0.0,0.0,0.0,0.0,0.0,0.0,0.0,0.0,0.0,0.0,0.0,0.0,0.0,0.0,0.0,0.0,0.0
"837-Worcester-Dr,-Schenectady,-NY-12309",0.0,0.0,0.0,0.0,0.0,0.0,305000.0,42800.0,262200.0,0.0,0.0,0.0,0.0,0.0,0.0,0.0,0.0,0.0,0.0,0.0,0.0,0.0,0.0,0.0,0.0,0.0,0.0,0.0
"259-Lee-Rd,-601,-Phenix-City,-AL-36870",0.0,0.0,0.0,0.0,0.0,0.0,0.0,0.0,0.0,0.0,0.0,0.0,0.0,0.0,0.0,0.0,0.0,0.0,0.0,0.0,0.0,0.0,0.0,0.0,0.0,0.0,0.0,0.0
"617-Hillside-Rd,-Glenview,-IL-60025",62415.0,9337.0,53078.0,0.0,0.0,0.0,0.0,0.0,0.0,0.0,0.0,0.0,69351.0,9337.0,0.0,0.0,0.0,0.0,0.0,0.0,60014.0,0.0,0.0,0.0,0.0,0.0,0.0,0.0
"15422-Carrillon-Estates-Blvd,-Tampa,-FL-33625",0.0,0.0,0.0,0.0,0.0,0.0,257510.0,0.0,0.0,0.0,0.0,0.0,241015.0,0.0,0.0,0.0,0.0,0.0,0.0,0.0,0.0,0.0,0.0,0.0,0.0,0.0,0.0,0.0
"1122-Nw-4th-St,-Meridian,-ID-83642",0.0,0.0,0.0,0.0,0.0,0.0,918900.0,208800.0,710100.0,0.0,0.0,0.0,0.0,0.0,0.0,0.0,0.0,0.0,0.0,0.0,0.0,0.0,0.0,0.0,0.0,0.0,0.0,0.0
"230-Sharon-Rd,-Arcadia,-CA-91007",0.0,0.0,0.0,540535.0,214366.0,326169.0,0.0,0.0,0.0,0.0,0.0,0.0,0.0,0.0,0.0,0.0,0.0,0.0,0.0,0.0,0.0,0.0,0.0,0.0,0.0,0.0,0.0,0.0
"180-Cimarron-Ct,-Apt-E,-Oshkosh,-WI-54902",0.0,0.0,0.0,0.0,0.0,0.0,0.0,0.0,0.0,0.0,0.0,0.0,0.0,0.0,0.0,0.0,0.0,0.0,0.0,0.0,0.0,0.0,0.0,0.0,0.0,0.0,0.0,0.0
"7635-Concord-Rd,-Beaumont,-TX-77708",0.0,0.0,0.0,0.0,0.0,0.0,0.0,0.0,0.0,50398.0,6586.0,43812.0,0.0,0.0,0.0,0.0,0.0,0.0,0.0,0.0,0.0,0.0,0.0,0.0,0.0,0.0,0.0,0.0
"109-Freestone-St,-Greenville,-SC-29605",0.0,0.0,0.0,4410.0,970.0,3440.0,4410.0,970.0,3440.0,0.0,0.0,0.0,0.0,0.0,0.0,0.0,0.0,0.0,0.0,0.0,0.0,0.0,0.0,0.0,0.0,0.0,0.0,0.0
"82-Cliffwood-Ave,-Unit-38,-Cliffwood,-NJ-07721",0.0,0.0,0.0,0.0,0.0,0.0,0.0,0.0,0.0,0.0,0.0,0.0,0.0,0.0,0.0,0.0,0.0,0.0,0.0,0.0,0.0,0.0,0.0,0.0,0.0,0.0,0.0,0.0
"4401-Cedar-Ave,-Pikesville,-MD-21208",0.0,0.0,0.0,170433.0,0.0,0.0,160200.0,73500.0,86700.0,0.0,0.0,0.0,0.0,0.0,0.0,0.0,0.0,0.0,0.0,0.0,0.0,0.0,0.0,0.0,0.0,0.0,0.0,0.0
"7945-Cobblesprings-Dr,-Avon,-IN-46123",239200.0,39600.0,199600.0,0.0,0.0,0.0,291400.0,51600.0,239800.0,0.0,0.0,0.0,0.0,0.0,0.0,0.0,0.0,0.0,0.0,0.0,0.0,0.0,0.0,0.0,0.0,0.0,0.0,0.0
"PO-Box-81,-Concord,-NC-28026",0.0,0.0,0.0,0.0,0.0,0.0,0.0,0.0,0.0,0.0,0.0,0.0,0.0,0.0,0.0,0.0,0.0,0.0,0.0,0.0,0.0,0.0,0.0,0.0,0.0,0.0,0.0,0.0
"7400-Windsor-Woods-Dr,-Apt-2C,-Canton,-MI-48187",0.0,0.0,0.0,0.0,0.0,0.0,0.0,0.0,0.0,0.0,0.0,0.0,0.0,0.0,0.0,0.0,0.0,0.0,0.0,0.0,0.0,0.0,0.0,0.0,0.0,0.0,0.0,0.0
"6208-202nd-St-SW,-Unit-63,-Lynnwood,-WA-98036",0.0,0.0,0.0,0.0,0.0,0.0,0.0,0.0,0.0,12200.0,0.0,12200.0,0.0,0.0,0.0,0.0,0.0,3500.0,0.0,3500.0,0.0,0.0,0.0,0.0,0.0,0.0,0.0,0.0
